event_id,flight_id,carrier_code,origin_airport,dest_airport,total_checked_bags,loaded_bags,delayed_bags,mishandled_bag_rate_pct,avg_carousel_wait_min,timestamp
BAG-FL-2024-000010,FL-2024-000010,DL,ATL,IAH,61,61,0,0.0,20.5,2024-01-04 15:01:24
BAG-FL-2024-000020,FL-2024-000020,UA,EWR,DFW,101,101,0,0.0,18.8,2024-03-20 10:11:42
BAG-FL-2024-000030,FL-2024-000030,AS,SLC,MIA,52,49,3,5.77,14.0,2024-03-27 17:37:24
BAG-FL-2024-000040,FL-2024-000040,UA,ORD,PDX,97,97,0,0.0,19.8,2024-03-29 16:52:36
BAG-FL-2024-000050,FL-2024-000050,AS,PHX,CLT,130,129,1,0.77,18.0,2024-02-10 12:50:36
BAG-FL-2024-000060,FL-2024-000060,WN,DAL,PHX,88,88,0,0.0,15.8,2024-03-14 08:01:12
BAG-FL-2024-000070,FL-2024-000070,AS,ORD,IAH,102,102,0,0.0,15.5,2024-01-01 11:31:42
BAG-FL-2024-000080,FL-2024-000080,AS,SEA,BWI,102,102,0,0.0,17.5,2024-01-29 18:23:06
BAG-FL-2024-000090,FL-2024-000090,OO,SLC,DAL,120,120,0,0.0,22.6,2024-01-01 14:08:36
BAG-FL-2024-000100,FL-2024-000100,UA,BOS,MCO,47,46,1,2.13,16.1,2024-02-01 09:56:00
BAG-FL-2024-000110,FL-2024-000110,WN,LAS,BNA,74,74,0,0.0,16.9,2024-02-05 14:43:06
BAG-FL-2024-000120,FL-2024-000120,DL,ATL,DEN,128,128,0,0.0,10.5,2024-03-19 07:03:00
BAG-FL-2024-000130,FL-2024-000130,UA,ORD,SFO,31,31,0,0.0,15.0,2024-02-10 17:11:12
BAG-FL-2024-000140,FL-2024-000140,DL,ATL,MDW,47,47,0,0.0,23.9,2024-02-11 15:46:42
BAG-FL-2024-000150,FL-2024-000150,B6,JFK,BWI,59,59,0,0.0,21.2,2024-02-19 16:42:42
BAG-FL-2024-000160,FL-2024-000160,UA,ORD,PHX,67,67,0,0.0,15.3,2024-02-05 13:10:00
BAG-FL-2024-000170,FL-2024-000170,WN,DAL,EWR,108,108,0,0.0,21.2,2024-01-03 09:58:06
BAG-FL-2024-000180,FL-2024-000180,B6,JFK,DTW,125,125,0,0.0,19.8,2024-02-21 11:04:06
BAG-FL-2024-000190,FL-2024-000190,WN,DAL,PHX,101,101,0,0.0,20.4,2024-02-06 14:46:12
BAG-FL-2024-000200,FL-2024-000200,UA,MCO,HNL,33,33,0,0.0,19.9,2024-03-23 10:08:12
BAG-FL-2024-000210,FL-2024-000210,AA,MDW,DEN,85,85,0,0.0,21.0,2024-03-25 07:35:06
BAG-FL-2024-000220,FL-2024-000220,DL,LAX,SAN,106,106,0,0.0,21.4,2024-03-17 10:52:12
BAG-FL-2024-000230,FL-2024-000230,AA,DFW,SFO,50,50,0,0.0,22.5,2024-02-13 17:20:42
BAG-FL-2024-000240,FL-2024-000240,WN,MCO,EWR,86,86,0,0.0,20.4,2024-02-07 14:42:36
BAG-FL-2024-000250,FL-2024-000250,B6,JFK,TPA,44,44,0,0.0,20.0,2024-03-09 17:15:42
BAG-FL-2024-000260,FL-2024-000260,WN,LAS,PDX,53,53,0,0.0,13.0,2024-01-07 12:37:36
BAG-FL-2024-000270,FL-2024-000270,OO,SLC,BNA,60,60,0,0.0,19.7,2024-03-08 12:39:54
BAG-FL-2024-000280,FL-2024-000280,B6,DTW,SFO,23,23,0,0.0,19.5,2024-03-10 09:29:36
BAG-FL-2024-000290,FL-2024-000290,DL,EWR,LAS,84,84,0,0.0,13.5,2024-02-22 17:35:00
BAG-FL-2024-000300,FL-2024-000300,DL,ATL,BOS,133,133,0,0.0,20.1,2024-03-12 12:43:00
BAG-FL-2024-000310,FL-2024-000310,WN,DAL,LAX,127,127,0,0.0,18.9,2024-01-20 09:50:00
BAG-FL-2024-000320,FL-2024-000320,UA,ORD,MDW,63,63,0,0.0,19.5,2024-01-09 19:38:30
BAG-FL-2024-000330,FL-2024-000330,DL,ORD,SAN,34,34,0,0.0,16.3,2024-01-23 08:48:24
BAG-FL-2024-000340,FL-2024-000340,OO,IAH,SEA,99,99,0,0.0,19.7,2024-02-15 12:25:12
BAG-FL-2024-000350,FL-2024-000350,AS,SEA,DTW,28,28,0,0.0,22.5,2024-02-26 14:10:36
BAG-FL-2024-000360,FL-2024-000360,OO,SLC,MIA,37,37,0,0.0,16.0,2024-01-16 09:06:24
BAG-FL-2024-000370,FL-2024-000370,WN,IAD,MCO,61,61,0,0.0,19.6,2024-03-13 18:35:12
BAG-FL-2024-000380,FL-2024-000380,UA,STL,CLT,50,50,0,0.0,18.4,2024-01-12 15:35:18
BAG-FL-2024-000390,FL-2024-000390,AS,SEA,LAS,51,51,0,0.0,19.2,2024-02-06 18:04:42
BAG-FL-2024-000400,FL-2024-000400,F9,DFW,ATL,59,59,0,0.0,19.9,2024-01-31 15:23:24
BAG-FL-2024-000410,FL-2024-000410,WN,SEA,FLL,76,76,0,0.0,20.1,2024-02-24 08:26:54
BAG-FL-2024-000420,FL-2024-000420,WN,DAL,JFK,62,62,0,0.0,23.8,2024-01-19 10:48:06
BAG-FL-2024-000430,FL-2024-000430,DL,LAS,MDW,99,99,0,0.0,16.1,2024-03-10 19:59:36
BAG-FL-2024-000440,FL-2024-000440,WN,FLL,STL,35,35,0,0.0,21.0,2024-03-24 08:10:24
BAG-FL-2024-000450,FL-2024-000450,WN,FLL,BWI,75,75,0,0.0,19.2,2024-01-09 18:47:06
BAG-FL-2024-000460,FL-2024-000460,OO,SLC,MIA,85,85,0,0.0,18.6,2024-02-27 15:45:18
BAG-FL-2024-000470,FL-2024-000470,WN,DAL,JFK,92,92,0,0.0,14.3,2024-03-18 06:44:00
BAG-FL-2024-000480,FL-2024-000480,OO,SLC,DAL,69,69,0,0.0,21.0,2024-01-09 12:57:48
BAG-FL-2024-000490,FL-2024-000490,WN,TPA,IAD,31,31,0,0.0,20.2,2024-02-16 11:17:06
BAG-FL-2024-000500,FL-2024-000500,WN,DAL,JFK,112,112,0,0.0,19.1,2024-03-02 12:42:30
BAG-FL-2024-000510,FL-2024-000510,DL,ATL,BOS,60,60,0,0.0,22.1,2024-01-05 12:09:54
BAG-FL-2024-000520,FL-2024-000520,WN,DEN,MSP,106,106,0,0.0,20.1,2024-02-09 08:40:54
BAG-FL-2024-000530,FL-2024-000530,DL,ATL,LAX,122,122,0,0.0,20.1,2024-01-26 14:56:48
BAG-FL-2024-000540,FL-2024-000540,AA,MIA,ORD,44,44,0,0.0,18.8,2024-03-17 18:49:36
BAG-FL-2024-000550,FL-2024-000550,AA,IAD,PHX,138,138,0,0.0,18.6,2024-03-24 14:54:12
BAG-FL-2024-000560,FL-2024-000560,WN,DAL,TPA,66,66,0,0.0,22.1,2024-03-12 12:26:36
BAG-FL-2024-000570,FL-2024-000570,B6,JFK,EWR,96,93,3,3.12,26.1,2024-02-20 15:00:54
BAG-FL-2024-000580,FL-2024-000580,B6,SEA,FLL,114,112,2,1.75,21.4,2024-02-17 12:22:06
BAG-FL-2024-000590,FL-2024-000590,OO,SLC,AUS,28,28,0,0.0,20.3,2024-01-27 14:36:00
BAG-FL-2024-000600,FL-2024-000600,AA,DFW,DEN,124,124,0,0.0,19.4,2024-01-12 15:06:42
BAG-FL-2024-000610,FL-2024-000610,AS,PDX,IAD,21,21,0,0.0,21.1,2024-02-08 09:23:24
BAG-FL-2024-000620,FL-2024-000620,DL,MSP,MDW,112,112,0,0.0,20.6,2024-01-08 12:12:18
BAG-FL-2024-000630,FL-2024-000630,DL,ATL,LAX,46,46,0,0.0,17.7,2024-03-26 14:24:24
BAG-FL-2024-000640,FL-2024-000640,UA,ORD,PHX,112,112,0,0.0,19.4,2024-03-30 14:45:06
BAG-FL-2024-000650,FL-2024-000650,UA,MIA,SLC,85,85,0,0.0,17.9,2024-03-24 19:19:30
BAG-FL-2024-000660,FL-2024-000660,UA,ORD,AUS,49,49,0,0.0,15.1,2024-01-27 12:38:00
BAG-FL-2024-000670,FL-2024-000670,AA,DFW,SLC,65,65,0,0.0,23.7,2024-01-06 21:35:00
BAG-FL-2024-000680,FL-2024-000680,WN,DAL,MSP,37,37,0,0.0,20.0,2024-03-13 12:43:48
BAG-FL-2024-000690,FL-2024-000690,AS,SEA,FLL,62,62,0,0.0,18.6,2024-01-20 09:59:54
BAG-FL-2024-000700,FL-2024-000700,UA,ORD,MCO,69,68,1,1.45,19.4,2024-03-14 09:41:48
BAG-FL-2024-000710,FL-2024-000710,DL,ATL,PDX,25,25,0,0.0,15.0,2024-01-23 12:55:06
BAG-FL-2024-000720,FL-2024-000720,OO,SLC,IAD,21,21,0,0.0,18.1,2024-03-28 14:28:42
BAG-FL-2024-000730,FL-2024-000730,WN,DEN,SAN,45,45,0,0.0,19.2,2024-02-05 12:27:48
BAG-FL-2024-000740,FL-2024-000740,F9,ATL,STL,47,47,0,0.0,17.0,2024-01-18 12:11:00
BAG-FL-2024-000750,FL-2024-000750,OO,IAD,JFK,131,130,1,0.76,19.5,2024-02-11 16:01:24
BAG-FL-2024-000760,FL-2024-000760,DL,HNL,ORD,81,81,0,0.0,18.7,2024-03-25 14:59:18
BAG-FL-2024-000770,FL-2024-000770,OO,SLC,MIA,27,27,0,0.0,19.6,2024-03-29 12:02:24
BAG-FL-2024-000780,FL-2024-000780,DL,ATL,MDW,55,55,0,0.0,20.8,2024-02-05 07:15:48
BAG-FL-2024-000790,FL-2024-000790,WN,BNA,LAX,76,76,0,0.0,15.9,2024-03-13 14:41:06
BAG-FL-2024-000800,FL-2024-000800,UA,LAS,CLT,107,107,0,0.0,23.5,2024-03-29 17:06:30
BAG-FL-2024-000810,FL-2024-000810,OO,DAL,SLC,119,119,0,0.0,16.4,2024-01-25 09:33:54
BAG-FL-2024-000820,FL-2024-000820,UA,SEA,TPA,54,54,0,0.0,20.1,2024-02-18 15:54:48
BAG-FL-2024-000830,FL-2024-000830,DL,ATL,ORD,33,33,0,0.0,18.8,2024-03-01 14:44:36
BAG-FL-2024-000840,FL-2024-000840,DL,ATL,JFK,108,108,0,0.0,17.1,2024-01-09 15:26:12
BAG-FL-2024-000850,FL-2024-000850,AS,SEA,DFW,69,69,0,0.0,17.9,2024-01-09 09:30:42
BAG-FL-2024-000860,FL-2024-000860,AS,IAH,TPA,51,51,0,0.0,18.7,2024-02-19 18:26:36
BAG-FL-2024-000870,FL-2024-000870,AS,SEA,EWR,76,76,0,0.0,16.1,2024-01-08 12:10:54
BAG-FL-2024-000880,FL-2024-000880,AS,EWR,STL,31,31,0,0.0,21.5,2024-03-14 08:01:36
BAG-FL-2024-000890,FL-2024-000890,NK,FLL,SLC,37,37,0,0.0,16.6,2024-01-20 11:16:00
BAG-FL-2024-000900,FL-2024-000900,UA,SLC,MDW,65,65,0,0.0,19.7,2024-03-26 15:14:12
BAG-FL-2024-000910,FL-2024-000910,OO,IAD,MCO,124,124,0,0.0,21.6,2024-01-16 15:16:30
BAG-FL-2024-000920,FL-2024-000920,UA,ORD,TPA,118,118,0,0.0,11.8,2024-03-09 15:38:36
BAG-FL-2024-000930,FL-2024-000930,OO,ATL,DTW,44,44,0,0.0,19.8,2024-03-30 10:11:24
BAG-FL-2024-000940,FL-2024-000940,UA,ORD,MSP,97,97,0,0.0,14.8,2024-03-11 11:02:00
BAG-FL-2024-000950,FL-2024-000950,UA,ORD,SLC,37,37,0,0.0,17.1,2024-03-09 07:39:36
BAG-FL-2024-000960,FL-2024-000960,AS,SEA,PDX,54,54,0,0.0,19.2,2024-03-08 14:02:54
BAG-FL-2024-000970,FL-2024-000970,OO,IAD,JFK,56,56,0,0.0,18.6,2024-02-23 14:50:36
BAG-FL-2024-000980,FL-2024-000980,UA,ORD,IAH,133,132,1,0.75,17.4,2024-01-19 17:02:00
BAG-FL-2024-000990,FL-2024-000990,OO,BWI,TPA,36,36,0,0.0,22.7,2024-02-19 16:23:54
BAG-FL-2024-001000,FL-2024-001000,AA,MCO,MIA,112,110,2,1.79,13.6,2024-02-04 12:45:12
BAG-FL-2024-001010,FL-2024-001010,OO,DFW,AUS,33,33,0,0.0,19.4,2024-03-27 12:40:48
BAG-FL-2024-001030,FL-2024-001030,OO,SLC,TPA,124,124,0,0.0,18.3,2024-03-05 18:09:30
BAG-FL-2024-001040,FL-2024-001040,UA,DFW,IAH,40,40,0,0.0,20.6,2024-01-08 19:57:48
BAG-FL-2024-001050,FL-2024-001050,AA,STL,DTW,72,72,0,0.0,21.0,2024-03-16 12:02:54
BAG-FL-2024-001060,FL-2024-001060,WN,IAD,SAN,36,36,0,0.0,22.0,2024-02-28 10:19:54
BAG-FL-2024-001070,FL-2024-001070,WN,DAL,IAD,91,91,0,0.0,18.5,2024-03-17 06:56:12
BAG-FL-2024-001080,FL-2024-001080,UA,ORD,MCO,63,63,0,0.0,20.9,2024-01-22 16:42:24
BAG-FL-2024-001090,FL-2024-001090,WN,DAL,PHX,124,124,0,0.0,14.2,2024-03-23 15:44:24
BAG-FL-2024-001100,FL-2024-001100,WN,LAX,PHX,35,32,3,8.57,19.4,2024-03-07 17:51:48
BAG-FL-2024-001110,FL-2024-001110,OO,IAH,STL,69,66,3,4.35,16.7,2024-02-05 16:54:06
BAG-FL-2024-001120,FL-2024-001120,F9,ATL,JFK,98,98,0,0.0,18.9,2024-01-28 19:47:06
BAG-FL-2024-001130,FL-2024-001130,OO,SLC,STL,26,26,0,0.0,20.4,2024-03-30 15:07:30
BAG-FL-2024-001140,FL-2024-001140,DL,ATL,AUS,58,58,0,0.0,17.7,2024-03-05 16:22:48
BAG-FL-2024-001150,FL-2024-001150,F9,DEN,IAH,111,111,0,0.0,21.5,2024-03-16 17:17:48
BAG-FL-2024-001160,FL-2024-001160,UA,ORD,PHX,73,72,1,1.37,18.3,2024-01-30 11:39:36
BAG-FL-2024-001170,FL-2024-001170,DL,ATL,SFO,30,30,0,0.0,26.1,2024-03-25 09:53:24
BAG-FL-2024-001180,FL-2024-001180,AA,IAD,STL,132,130,2,1.52,19.0,2024-02-22 21:33:54
BAG-FL-2024-001190,FL-2024-001190,DL,ATL,SLC,120,120,0,0.0,17.5,2024-01-18 17:11:24
BAG-FL-2024-001200,FL-2024-001200,DL,ATL,JFK,124,124,0,0.0,21.1,2024-02-07 10:26:30
BAG-FL-2024-001210,FL-2024-001210,NK,PDX,MDW,59,59,0,0.0,20.1,2024-02-01 19:27:06
BAG-FL-2024-001220,FL-2024-001220,AA,DFW,LAX,58,58,0,0.0,16.3,2024-02-04 12:53:42
BAG-FL-2024-001230,FL-2024-001230,DL,EWR,PHX,52,52,0,0.0,23.4,2024-01-27 06:33:42
BAG-FL-2024-001240,FL-2024-001240,UA,SFO,JFK,76,75,1,1.32,17.9,2024-01-30 22:59:54
BAG-FL-2024-001250,FL-2024-001250,NK,FLL,BNA,38,35,3,7.89,16.3,2024-03-03 06:51:12
BAG-FL-2024-001260,FL-2024-001260,OO,SLC,SEA,73,73,0,0.0,18.4,2024-03-06 14:30:42
BAG-FL-2024-001270,FL-2024-001270,UA,ORD,IAH,73,73,0,0.0,17.4,2024-01-07 17:50:06
BAG-FL-2024-001280,FL-2024-001280,UA,BWI,CLT,36,35,1,2.78,17.9,2024-01-05 11:24:30
BAG-FL-2024-001290,FL-2024-001290,DL,MSP,FLL,139,139,0,0.0,17.0,2024-02-20 15:18:24
BAG-FL-2024-001300,FL-2024-001300,AA,DFW,LAS,93,93,0,0.0,17.2,2024-01-27 11:07:06
BAG-FL-2024-001310,FL-2024-001310,WN,SAN,PHX,135,135,0,0.0,18.3,2024-03-27 18:28:24
BAG-FL-2024-001320,FL-2024-001320,UA,ORD,IAH,42,42,0,0.0,16.3,2024-03-17 07:15:36
BAG-FL-2024-001330,FL-2024-001330,WN,DEN,MIA,74,74,0,0.0,18.6,2024-01-21 09:44:00
BAG-FL-2024-001340,FL-2024-001340,AA,DEN,SLC,46,46,0,0.0,16.5,2024-02-12 08:24:18
BAG-FL-2024-001350,FL-2024-001350,OO,SLC,AUS,121,121,0,0.0,20.5,2024-02-07 11:55:12
BAG-FL-2024-001360,FL-2024-001360,OO,DTW,BNA,90,90,0,0.0,15.2,2024-03-25 20:50:06
BAG-FL-2024-001370,FL-2024-001370,OO,PDX,DFW,80,80,0,0.0,19.7,2024-03-01 13:40:12
BAG-FL-2024-001380,FL-2024-001380,OO,DEN,DTW,75,75,0,0.0,23.3,2024-01-26 10:10:42
BAG-FL-2024-001390,FL-2024-001390,DL,ATL,MIA,56,56,0,0.0,16.2,2024-01-23 16:33:00
BAG-FL-2024-001400,FL-2024-001400,AA,DFW,ATL,104,104,0,0.0,19.4,2024-03-20 06:33:30
BAG-FL-2024-001410,FL-2024-001410,DL,STL,TPA,63,63,0,0.0,16.2,2024-03-19 16:12:00
BAG-FL-2024-001420,FL-2024-001420,AS,SEA,IAH,123,123,0,0.0,20.0,2024-02-06 22:43:18
BAG-FL-2024-001430,FL-2024-001430,WN,DAL,SLC,92,92,0,0.0,16.8,2024-03-18 14:38:36
BAG-FL-2024-001440,FL-2024-001440,WN,DAL,DTW,61,58,3,4.92,17.7,2024-03-08 22:06:12
BAG-FL-2024-001450,FL-2024-001450,WN,DAL,EWR,85,85,0,0.0,18.1,2024-01-20 12:20:30
BAG-FL-2024-001460,FL-2024-001460,HA,MCO,SLC,85,85,0,0.0,16.8,2024-01-10 10:37:00
BAG-FL-2024-001470,FL-2024-001470,DL,SFO,STL,131,131,0,0.0,11.0,2024-02-07 12:35:24
BAG-FL-2024-001480,FL-2024-001480,AA,DEN,SEA,37,37,0,0.0,16.0,2024-03-22 13:42:30
BAG-FL-2024-001490,FL-2024-001490,DL,ATL,PHX,86,85,1,1.16,19.7,2024-01-13 15:41:18
BAG-FL-2024-001500,FL-2024-001500,WN,DAL,SLC,79,79,0,0.0,21.1,2024-03-01 14:23:24
BAG-FL-2024-001510,FL-2024-001510,AA,DFW,FLL,81,81,0,0.0,16.0,2024-02-01 12:34:36
BAG-FL-2024-001520,FL-2024-001520,UA,FLL,ATL,80,80,0,0.0,19.4,2024-03-06 15:30:48
BAG-FL-2024-001530,FL-2024-001530,UA,DFW,PHX,60,60,0,0.0,19.1,2024-02-04 12:33:06
BAG-FL-2024-001540,FL-2024-001540,DL,EWR,SLC,47,47,0,0.0,22.2,2024-03-04 14:48:18
BAG-FL-2024-001550,FL-2024-001550,WN,DAL,PDX,60,60,0,0.0,19.7,2024-02-16 20:29:42
BAG-FL-2024-001560,FL-2024-001560,DL,MIA,PHX,116,116,0,0.0,19.5,2024-01-01 07:12:54
BAG-FL-2024-001570,FL-2024-001570,WN,SFO,MCO,36,36,0,0.0,23.9,2024-01-02 12:32:24
BAG-FL-2024-001580,FL-2024-001580,WN,DAL,ORD,31,31,0,0.0,20.2,2024-03-04 13:59:24
BAG-FL-2024-001590,FL-2024-001590,AA,DFW,BNA,57,57,0,0.0,11.8,2024-03-29 08:24:54
BAG-FL-2024-001600,FL-2024-001600,UA,MCO,MDW,66,63,3,4.55,21.7,2024-02-04 22:12:54
BAG-FL-2024-001610,FL-2024-001610,UA,ORD,PDX,40,40,0,0.0,18.2,2024-03-01 08:26:24
BAG-FL-2024-001620,FL-2024-001620,AA,DFW,SAN,103,103,0,0.0,16.9,2024-03-07 13:14:48
BAG-FL-2024-001640,FL-2024-001640,DL,FLL,JFK,102,102,0,0.0,25.1,2024-03-05 17:50:06
BAG-FL-2024-001650,FL-2024-001650,UA,LAX,MDW,131,131,0,0.0,18.3,2024-01-08 11:18:36
BAG-FL-2024-001660,FL-2024-001660,UA,ORD,DAL,71,71,0,0.0,19.1,2024-03-11 10:43:12
BAG-FL-2024-001670,FL-2024-001670,WN,DAL,SLC,31,28,3,9.68,21.2,2024-02-08 11:51:06
BAG-FL-2024-001680,FL-2024-001680,DL,ATL,LAX,113,113,0,0.0,21.5,2024-03-19 11:19:54
BAG-FL-2024-001690,FL-2024-001690,AA,EWR,JFK,66,66,0,0.0,20.9,2024-01-11 17:46:48
BAG-FL-2024-001700,FL-2024-001700,AA,IAH,DAL,59,59,0,0.0,22.4,2024-02-19 15:42:48
BAG-FL-2024-001710,FL-2024-001710,UA,ORD,CLT,102,102,0,0.0,19.8,2024-01-21 07:41:24
BAG-FL-2024-001720,FL-2024-001720,WN,DAL,JFK,54,54,0,0.0,23.0,2024-02-09 14:22:06
BAG-FL-2024-001730,FL-2024-001730,DL,PDX,DEN,60,60,0,0.0,25.0,2024-03-27 13:55:30
BAG-FL-2024-001740,FL-2024-001740,AA,DFW,BWI,130,130,0,0.0,18.7,2024-03-28 17:33:24
BAG-FL-2024-001750,FL-2024-001750,AA,PHX,BWI,56,56,0,0.0,17.2,2024-03-02 17:12:00
BAG-FL-2024-001760,FL-2024-001760,UA,HNL,LAS,79,79,0,0.0,19.5,2024-03-11 12:32:54
BAG-FL-2024-001770,FL-2024-001770,DL,ATL,DFW,112,112,0,0.0,19.2,2024-01-01 15:38:00
BAG-FL-2024-001780,FL-2024-001780,OO,SLC,FLL,134,134,0,0.0,20.7,2024-03-21 13:31:18
BAG-FL-2024-001790,FL-2024-001790,UA,SFO,BOS,106,106,0,0.0,19.8,2024-01-23 13:15:00
BAG-FL-2024-001800,FL-2024-001800,DL,DTW,TPA,88,87,1,1.14,21.9,2024-03-07 18:02:06
BAG-FL-2024-001810,FL-2024-001810,UA,SEA,DEN,40,39,1,2.5,18.4,2024-01-03 17:12:00
BAG-FL-2024-001820,FL-2024-001820,B6,LAS,DEN,36,36,0,0.0,20.4,2024-01-07 20:35:00
BAG-FL-2024-001830,FL-2024-001830,UA,SFO,DEN,125,123,2,1.6,21.5,2024-03-19 09:20:42
BAG-FL-2024-001840,FL-2024-001840,NK,FLL,PHX,52,52,0,0.0,19.3,2024-02-20 07:46:12
BAG-FL-2024-001850,FL-2024-001850,DL,TPA,CLT,30,29,1,3.33,22.7,2024-02-01 19:15:48
BAG-FL-2024-001860,FL-2024-001860,NK,FLL,LAS,140,140,0,0.0,22.4,2024-03-05 13:49:12
BAG-FL-2024-001890,FL-2024-001890,AA,EWR,MSP,53,53,0,0.0,18.0,2024-02-07 13:01:24
BAG-FL-2024-001900,FL-2024-001900,DL,ATL,TPA,75,72,3,4.0,19.3,2024-01-23 20:03:54
BAG-FL-2024-001910,FL-2024-001910,UA,SEA,IAD,126,126,0,0.0,20.5,2024-01-14 13:12:00
BAG-FL-2024-001920,FL-2024-001920,AA,DFW,DEN,21,21,0,0.0,18.6,2024-01-05 07:53:12
BAG-FL-2024-001930,FL-2024-001930,AA,BWI,MSP,61,61,0,0.0,20.4,2024-01-07 11:03:36
BAG-FL-2024-001940,FL-2024-001940,AS,SEA,JFK,34,34,0,0.0,19.3,2024-03-05 13:55:06
BAG-FL-2024-001950,FL-2024-001950,AA,DFW,ATL,79,79,0,0.0,24.3,2024-01-24 15:57:00
BAG-FL-2024-001960,FL-2024-001960,AS,PHX,DAL,32,32,0,0.0,24.0,2024-02-26 20:45:18
BAG-FL-2024-001970,FL-2024-001970,NK,BNA,LAS,29,29,0,0.0,18.9,2024-01-09 11:40:24
BAG-FL-2024-001980,FL-2024-001980,AA,EWR,BNA,66,66,0,0.0,22.6,2024-02-02 12:15:00
BAG-FL-2024-001990,FL-2024-001990,DL,ATL,SEA,21,21,0,0.0,20.1,2024-01-28 16:45:36
BAG-FL-2024-002000,FL-2024-002000,WN,MCO,LAS,134,132,2,1.49,18.5,2024-01-28 13:57:00
BAG-FL-2024-002010,FL-2024-002010,UA,DFW,DTW,120,120,0,0.0,17.6,2024-03-05 15:33:36
BAG-FL-2024-002020,FL-2024-002020,WN,DAL,BOS,55,55,0,0.0,12.6,2024-01-17 14:45:48
BAG-FL-2024-002030,FL-2024-002030,OO,SLC,MSP,25,25,0,0.0,20.2,2024-01-13 12:00:24
BAG-FL-2024-002040,FL-2024-002040,WN,DAL,SLC,41,41,0,0.0,16.4,2024-02-16 13:28:48
BAG-FL-2024-002050,FL-2024-002050,DL,ATL,DAL,123,123,0,0.0,22.8,2024-03-17 11:42:12
BAG-FL-2024-002060,FL-2024-002060,AA,DAL,MDW,102,102,0,0.0,22.5,2024-01-11 15:31:36
BAG-FL-2024-002070,FL-2024-002070,UA,ORD,TPA,94,94,0,0.0,16.4,2024-03-16 13:53:06
BAG-FL-2024-002080,FL-2024-002080,AA,DEN,EWR,32,32,0,0.0,20.5,2024-03-28 15:34:00
BAG-FL-2024-002090,FL-2024-002090,AA,DFW,PHX,104,104,0,0.0,17.3,2024-03-12 06:18:12
BAG-FL-2024-002100,FL-2024-002100,WN,DAL,DFW,91,91,0,0.0,16.3,2024-03-13 11:58:24
BAG-FL-2024-002110,FL-2024-002110,WN,EWR,SLC,59,59,0,0.0,18.3,2024-02-07 18:38:30
BAG-FL-2024-002120,FL-2024-002120,B6,JFK,DTW,110,110,0,0.0,14.5,2024-02-21 12:48:54
BAG-FL-2024-002130,FL-2024-002130,F9,DEN,SEA,115,115,0,0.0,19.1,2024-01-16 13:46:36
BAG-FL-2024-002140,FL-2024-002140,AA,DFW,AUS,71,69,2,2.82,21.9,2024-03-23 10:56:48
BAG-FL-2024-002150,FL-2024-002150,DL,ATL,MSP,33,33,0,0.0,21.9,2024-03-19 14:04:36
BAG-FL-2024-002160,FL-2024-002160,AA,DFW,LAX,116,115,1,0.86,13.2,2024-01-19 20:56:24
BAG-FL-2024-002170,FL-2024-002170,NK,FLL,CLT,127,127,0,0.0,15.1,2024-03-28 06:07:54
BAG-FL-2024-002180,FL-2024-002180,UA,ORD,TPA,89,89,0,0.0,17.4,2024-03-25 20:51:24
BAG-FL-2024-002190,FL-2024-002190,AA,LAX,MIA,138,136,2,1.45,16.8,2024-01-19 16:32:06
BAG-FL-2024-002200,FL-2024-002200,AA,DFW,LAS,122,122,0,0.0,22.6,2024-02-24 13:43:06
BAG-FL-2024-002210,FL-2024-002210,UA,LAX,JFK,76,76,0,0.0,20.5,2024-02-23 18:40:42
BAG-FL-2024-002220,FL-2024-002220,DL,ATL,LAS,40,40,0,0.0,19.6,2024-02-20 16:35:06
BAG-FL-2024-002230,FL-2024-002230,B6,JFK,ATL,131,131,0,0.0,21.7,2024-03-04 15:47:54
BAG-FL-2024-002240,FL-2024-002240,WN,DAL,IAD,27,27,0,0.0,22.6,2024-01-22 17:59:54
BAG-FL-2024-002250,FL-2024-002250,UA,ORD,TPA,39,39,0,0.0,18.1,2024-01-17 18:50:30
BAG-FL-2024-002260,FL-2024-002260,DL,BNA,LAS,105,105,0,0.0,24.4,2024-03-21 12:40:42
BAG-FL-2024-002270,FL-2024-002270,UA,IAD,MIA,97,97,0,0.0,19.8,2024-03-10 19:31:18
BAG-FL-2024-002280,FL-2024-002280,UA,ORD,CLT,109,109,0,0.0,16.8,2024-02-24 12:22:30
BAG-FL-2024-002290,FL-2024-002290,DL,ATL,IAD,30,30,0,0.0,20.0,2024-03-03 22:53:06
BAG-FL-2024-002300,FL-2024-002300,AA,DFW,BWI,97,97,0,0.0,20.0,2024-03-08 10:08:36
BAG-FL-2024-002310,FL-2024-002310,DL,ATL,STL,96,96,0,0.0,19.3,2024-02-19 07:30:06
BAG-FL-2024-002320,FL-2024-002320,AA,DFW,ATL,40,40,0,0.0,20.0,2024-03-24 19:17:30
BAG-FL-2024-002330,FL-2024-002330,OO,SLC,SFO,59,59,0,0.0,18.6,2024-03-28 12:53:54
BAG-FL-2024-002340,FL-2024-002340,AS,PDX,SFO,105,105,0,0.0,18.5,2024-01-06 16:03:18
BAG-FL-2024-002350,FL-2024-002350,UA,ORD,SFO,97,97,0,0.0,19.8,2024-01-01 12:20:00
BAG-FL-2024-002360,FL-2024-002360,DL,BOS,IAD,114,112,2,1.75,19.6,2024-02-19 15:36:12
BAG-FL-2024-002370,FL-2024-002370,F9,LAS,JFK,56,56,0,0.0,15.4,2024-01-08 12:27:30
BAG-FL-2024-002380,FL-2024-002380,DL,DTW,IAD,108,108,0,0.0,19.7,2024-03-23 11:23:00
BAG-FL-2024-002390,FL-2024-002390,AA,DFW,SLC,133,133,0,0.0,22.8,2024-02-20 17:54:24
BAG-FL-2024-002400,FL-2024-002400,UA,MCO,MIA,32,32,0,0.0,17.8,2024-01-04 14:06:00
BAG-FL-2024-002410,FL-2024-002410,UA,BWI,DEN,52,52,0,0.0,20.1,2024-02-02 18:30:06
BAG-FL-2024-002420,FL-2024-002420,UA,LAX,DAL,60,60,0,0.0,20.7,2024-01-05 17:41:06
BAG-FL-2024-002430,FL-2024-002430,AA,LAX,EWR,20,20,0,0.0,22.1,2024-01-03 07:51:30
BAG-FL-2024-002440,FL-2024-002440,OO,SLC,PHX,117,117,0,0.0,18.5,2024-01-23 17:29:00
BAG-FL-2024-002450,FL-2024-002450,WN,PHX,ATL,131,131,0,0.0,16.2,2024-02-11 15:57:30
BAG-FL-2024-002460,FL-2024-002460,F9,SAN,ORD,57,57,0,0.0,15.3,2024-02-24 14:50:42
BAG-FL-2024-002470,FL-2024-002470,WN,DAL,FLL,27,27,0,0.0,21.9,2024-03-11 10:59:00
BAG-FL-2024-002480,FL-2024-002480,WN,IAD,PHX,117,117,0,0.0,18.6,2024-03-30 21:06:12
BAG-FL-2024-002490,FL-2024-002490,OO,ORD,MSP,61,61,0,0.0,17.4,2024-03-11 13:39:54
BAG-FL-2024-002500,FL-2024-002500,B6,BOS,BWI,55,55,0,0.0,17.3,2024-03-22 07:23:06
BAG-FL-2024-002510,FL-2024-002510,DL,ATL,CLT,118,117,1,0.85,20.1,2024-01-24 10:43:06
BAG-FL-2024-002520,FL-2024-002520,OO,SEA,SAN,78,78,0,0.0,22.8,2024-02-07 21:58:42
BAG-FL-2024-002530,FL-2024-002530,AA,DFW,DEN,93,93,0,0.0,16.0,2024-01-20 21:07:48
BAG-FL-2024-002540,FL-2024-002540,UA,ORD,MCO,59,59,0,0.0,20.1,2024-03-27 10:11:36
BAG-FL-2024-002550,FL-2024-002550,DL,DAL,SFO,34,34,0,0.0,17.6,2024-01-19 20:55:18
BAG-FL-2024-002560,FL-2024-002560,AA,DFW,CLT,36,36,0,0.0,14.6,2024-01-01 11:02:12
BAG-FL-2024-002570,FL-2024-002570,UA,ORD,SEA,102,102,0,0.0,20.0,2024-03-30 15:44:24
BAG-FL-2024-002580,FL-2024-002580,DL,DFW,SFO,55,55,0,0.0,16.3,2024-01-14 20:01:30
BAG-FL-2024-002590,FL-2024-002590,DL,ATL,DAL,25,25,0,0.0,22.8,2024-03-20 09:07:30
BAG-FL-2024-002600,FL-2024-002600,F9,DEN,TPA,127,127,0,0.0,16.2,2024-01-12 19:19:18
BAG-FL-2024-002610,FL-2024-002610,WN,DTW,ORD,138,138,0,0.0,20.3,2024-03-24 13:39:12
BAG-FL-2024-002620,FL-2024-002620,WN,DAL,TPA,75,75,0,0.0,18.7,2024-03-19 08:22:30
BAG-FL-2024-002630,FL-2024-002630,OO,SLC,SFO,21,21,0,0.0,17.7,2024-01-29 10:52:36
BAG-FL-2024-002640,FL-2024-002640,B6,DTW,DAL,118,118,0,0.0,16.7,2024-02-03 14:35:36
BAG-FL-2024-002650,FL-2024-002650,UA,ORD,DEN,26,26,0,0.0,19.4,2024-02-20 14:32:06
BAG-FL-2024-002660,FL-2024-002660,AS,DEN,CLT,73,73,0,0.0,21.6,2024-02-15 19:00:54
BAG-FL-2024-002670,FL-2024-002670,UA,DAL,SAN,69,69,0,0.0,20.5,2024-03-13 15:20:00
BAG-FL-2024-002680,FL-2024-002680,AA,PHX,LAS,23,23,0,0.0,26.9,2024-02-03 11:03:48
BAG-FL-2024-002690,FL-2024-002690,DL,TPA,BWI,43,43,0,0.0,23.1,2024-02-22 13:53:12
BAG-FL-2024-002700,FL-2024-002700,OO,SAN,PHX,118,115,3,2.54,18.7,2024-02-17 14:29:54
BAG-FL-2024-002720,FL-2024-002720,UA,ORD,DTW,111,111,0,0.0,18.0,2024-03-20 09:33:54
BAG-FL-2024-002730,FL-2024-002730,AA,DTW,TPA,130,130,0,0.0,16.5,2024-01-02 15:44:30
BAG-FL-2024-002740,FL-2024-002740,DL,ATL,DTW,32,32,0,0.0,15.5,2024-03-26 19:01:42
BAG-FL-2024-002750,FL-2024-002750,DL,ATL,SFO,84,84,0,0.0,21.1,2024-03-03 17:22:36
BAG-FL-2024-002760,FL-2024-002760,AA,DFW,ORD,84,84,0,0.0,19.2,2024-02-23 13:29:42
BAG-FL-2024-002770,FL-2024-002770,UA,ATL,LAX,43,43,0,0.0,17.3,2024-01-15 08:09:12
BAG-FL-2024-002780,FL-2024-002780,AA,SFO,DEN,72,72,0,0.0,15.8,2024-03-01 06:16:36
BAG-FL-2024-002790,FL-2024-002790,UA,MIA,BOS,94,94,0,0.0,23.0,2024-01-26 08:09:48
BAG-FL-2024-002800,FL-2024-002800,UA,BWI,ORD,106,106,0,0.0,18.6,2024-01-31 12:29:06
BAG-FL-2024-002810,FL-2024-002810,WN,DFW,MSP,69,69,0,0.0,20.9,2024-02-18 11:16:36
BAG-FL-2024-002820,FL-2024-002820,UA,ORD,SLC,66,66,0,0.0,15.5,2024-01-16 13:50:54
BAG-FL-2024-002830,FL-2024-002830,WN,DAL,TPA,115,114,1,0.87,22.9,2024-02-10 11:03:18
BAG-FL-2024-002840,FL-2024-002840,DL,ATL,BNA,113,113,0,0.0,17.1,2024-01-27 11:35:42
BAG-FL-2024-002850,FL-2024-002850,UA,ORD,MSP,33,33,0,0.0,14.7,2024-02-20 11:32:30
BAG-FL-2024-002860,FL-2024-002860,UA,ORD,STL,127,127,0,0.0,20.0,2024-02-14 14:21:42
BAG-FL-2024-002870,FL-2024-002870,AA,DFW,MCO,100,100,0,0.0,19.8,2024-01-08 16:12:24
BAG-FL-2024-002880,FL-2024-002880,WN,FLL,DFW,28,28,0,0.0,20.8,2024-01-29 14:36:18
BAG-FL-2024-002890,FL-2024-002890,UA,FLL,MSP,136,136,0,0.0,22.4,2024-02-14 15:20:12
BAG-FL-2024-002900,FL-2024-002900,NK,FLL,SAN,60,60,0,0.0,16.0,2024-03-29 10:47:30
BAG-FL-2024-002910,FL-2024-002910,AS,ATL,HNL,122,122,0,0.0,13.4,2024-03-13 14:44:48
BAG-FL-2024-002920,FL-2024-002920,AA,DFW,PHX,53,53,0,0.0,20.9,2024-03-26 17:35:36
BAG-FL-2024-002930,FL-2024-002930,AS,SEA,MSP,130,130,0,0.0,17.1,2024-01-16 16:04:30
BAG-FL-2024-002940,FL-2024-002940,AA,DFW,IAD,26,26,0,0.0,22.1,2024-02-17 15:14:30
BAG-FL-2024-002950,FL-2024-002950,UA,DEN,SEA,136,136,0,0.0,20.2,2024-02-12 15:31:06
BAG-FL-2024-002960,FL-2024-002960,AA,DFW,DEN,102,102,0,0.0,15.3,2024-03-26 12:01:06
BAG-FL-2024-002970,FL-2024-002970,AA,HNL,ATL,64,64,0,0.0,22.3,2024-01-04 17:38:00
BAG-FL-2024-002980,FL-2024-002980,AA,FLL,BWI,57,57,0,0.0,17.0,2024-03-21 18:08:42
BAG-FL-2024-002990,FL-2024-002990,AA,DTW,PDX,122,122,0,0.0,18.9,2024-01-18 12:25:00
BAG-FL-2024-003000,FL-2024-003000,UA,MDW,IAH,103,103,0,0.0,16.0,2024-03-10 14:06:30
BAG-FL-2024-003010,FL-2024-003010,DL,CLT,PDX,89,89,0,0.0,14.9,2024-02-07 15:37:48
BAG-FL-2024-003020,FL-2024-003020,AA,DFW,CLT,120,120,0,0.0,20.7,2024-03-30 14:40:12
BAG-FL-2024-003040,FL-2024-003040,AS,BNA,DTW,48,48,0,0.0,17.2,2024-01-18 06:09:42
BAG-FL-2024-003050,FL-2024-003050,UA,ORD,AUS,56,56,0,0.0,23.1,2024-02-07 14:03:18
BAG-FL-2024-003070,FL-2024-003070,WN,DAL,LAS,89,89,0,0.0,20.9,2024-02-14 10:42:30
BAG-FL-2024-003080,FL-2024-003080,UA,JFK,PDX,120,120,0,0.0,17.1,2024-01-13 19:08:12
BAG-FL-2024-003090,FL-2024-003090,WN,HNL,JFK,106,106,0,0.0,19.7,2024-01-11 12:52:24
BAG-FL-2024-003100,FL-2024-003100,AA,MIA,JFK,85,85,0,0.0,22.1,2024-03-06 17:51:54
BAG-FL-2024-003110,FL-2024-003110,UA,ATL,SEA,35,35,0,0.0,15.1,2024-03-02 08:30:48
BAG-FL-2024-003120,FL-2024-003120,DL,ATL,BOS,29,29,0,0.0,21.3,2024-03-26 12:30:54
BAG-FL-2024-003130,FL-2024-003130,DL,HNL,STL,89,89,0,0.0,18.3,2024-03-23 14:44:36
BAG-FL-2024-003140,FL-2024-003140,WN,DAL,BOS,127,124,3,2.36,19.1,2024-02-29 15:06:30
BAG-FL-2024-003150,FL-2024-003150,AA,DFW,LAX,51,51,0,0.0,17.6,2024-03-21 13:33:48
BAG-FL-2024-003160,FL-2024-003160,UA,ORD,LAX,46,44,2,4.35,22.5,2024-01-28 13:06:30
BAG-FL-2024-003170,FL-2024-003170,WN,DAL,ORD,93,93,0,0.0,22.2,2024-03-24 12:15:54
BAG-FL-2024-003180,FL-2024-003180,AA,MSP,SLC,25,25,0,0.0,20.6,2024-01-25 13:03:24
BAG-FL-2024-003190,FL-2024-003190,DL,ATL,DEN,122,122,0,0.0,18.0,2024-01-06 19:13:36
BAG-FL-2024-003200,FL-2024-003200,F9,DEN,LAX,120,120,0,0.0,21.1,2024-03-28 08:11:06
BAG-FL-2024-003210,FL-2024-003210,WN,DAL,MCO,133,133,0,0.0,15.3,2024-01-21 11:55:24
BAG-FL-2024-003220,FL-2024-003220,AS,SLC,BOS,59,59,0,0.0,15.3,2024-02-14 13:58:48
BAG-FL-2024-003230,FL-2024-003230,DL,MSP,MIA,27,25,2,7.41,17.0,2024-02-26 11:12:48
BAG-FL-2024-003240,FL-2024-003240,B6,EWR,BOS,69,68,1,1.45,20.0,2024-02-24 09:50:06
BAG-FL-2024-003250,FL-2024-003250,OO,DEN,STL,100,100,0,0.0,23.8,2024-02-06 09:23:18
BAG-FL-2024-003260,FL-2024-003260,DL,ATL,MSP,37,37,0,0.0,18.6,2024-02-20 20:48:36
BAG-FL-2024-003270,FL-2024-003270,B6,ATL,BWI,123,123,0,0.0,18.7,2024-03-29 15:22:06
BAG-FL-2024-003280,FL-2024-003280,DL,ATL,BOS,104,104,0,0.0,19.4,2024-02-20 16:37:12
BAG-FL-2024-003290,FL-2024-003290,WN,DAL,CLT,121,121,0,0.0,17.9,2024-01-15 09:34:18
BAG-FL-2024-003300,FL-2024-003300,DL,ATL,FLL,59,59,0,0.0,15.6,2024-03-11 13:39:42
BAG-FL-2024-003310,FL-2024-003310,WN,IAH,MCO,109,106,3,2.75,19.4,2024-01-10 18:17:48
BAG-FL-2024-003320,FL-2024-003320,DL,SFO,JFK,48,48,0,0.0,20.7,2024-03-06 14:03:18
BAG-FL-2024-003330,FL-2024-003330,OO,MCO,TPA,28,28,0,0.0,19.5,2024-02-24 07:06:54
BAG-FL-2024-003340,FL-2024-003340,DL,BWI,MIA,66,66,0,0.0,16.0,2024-03-23 12:34:24
BAG-FL-2024-003350,FL-2024-003350,NK,PHX,MSP,33,33,0,0.0,21.0,2024-03-30 06:45:36
BAG-FL-2024-003360,FL-2024-003360,OO,DFW,BOS,38,38,0,0.0,14.3,2024-03-29 12:06:06
BAG-FL-2024-003370,FL-2024-003370,WN,EWR,DFW,78,78,0,0.0,21.6,2024-01-29 08:59:36
BAG-FL-2024-003380,FL-2024-003380,B6,IAD,HNL,115,115,0,0.0,19.9,2024-03-07 09:01:42
BAG-FL-2024-003390,FL-2024-003390,WN,DAL,ATL,130,130,0,0.0,14.5,2024-01-26 14:07:18
BAG-FL-2024-003400,FL-2024-003400,AA,DFW,PDX,57,57,0,0.0,19.8,2024-02-20 19:49:24
BAG-FL-2024-003410,FL-2024-003410,DL,DEN,DFW,38,38,0,0.0,19.7,2024-02-29 09:27:06
BAG-FL-2024-003420,FL-2024-003420,WN,DAL,TPA,125,125,0,0.0,14.5,2024-03-07 12:05:48
BAG-FL-2024-003430,FL-2024-003430,AA,DFW,LAS,54,54,0,0.0,16.5,2024-03-08 13:22:12
BAG-FL-2024-003440,FL-2024-003440,AA,CLT,MIA,47,47,0,0.0,20.0,2024-03-03 11:12:42
BAG-FL-2024-003450,FL-2024-003450,DL,ATL,AUS,42,42,0,0.0,22.1,2024-02-09 14:57:54
BAG-FL-2024-003460,FL-2024-003460,AA,HNL,DFW,108,108,0,0.0,20.7,2024-03-12 21:34:06
BAG-FL-2024-003470,FL-2024-003470,OO,MDW,STL,49,49,0,0.0,21.5,2024-02-17 16:30:24
BAG-FL-2024-003480,FL-2024-003480,AS,SEA,DEN,112,112,0,0.0,22.5,2024-03-10 14:03:12
BAG-FL-2024-003490,FL-2024-003490,AA,JFK,CLT,53,53,0,0.0,20.1,2024-02-21 14:19:00
BAG-FL-2024-003500,FL-2024-003500,AA,DFW,DTW,126,126,0,0.0,16.7,2024-02-04 09:50:36
BAG-FL-2024-003510,FL-2024-003510,F9,DEN,SLC,71,71,0,0.0,21.1,2024-02-19 14:53:12
BAG-FL-2024-003520,FL-2024-003520,UA,DAL,ORD,25,25,0,0.0,22.3,2024-01-31 13:24:06
BAG-FL-2024-003530,FL-2024-003530,DL,STL,IAD,138,138,0,0.0,21.0,2024-03-19 10:02:30
BAG-FL-2024-003540,FL-2024-003540,DL,ATL,DEN,54,54,0,0.0,18.5,2024-01-01 15:16:18
BAG-FL-2024-003550,FL-2024-003550,F9,MCO,BWI,75,75,0,0.0,18.8,2024-02-15 13:23:42
BAG-FL-2024-003560,FL-2024-003560,WN,DAL,JFK,78,78,0,0.0,16.5,2024-02-04 15:24:42
BAG-FL-2024-003570,FL-2024-003570,AA,MDW,IAH,131,131,0,0.0,19.0,2024-01-05 11:03:48
BAG-FL-2024-003580,FL-2024-003580,WN,LAS,SEA,27,27,0,0.0,21.7,2024-01-11 16:04:48
BAG-FL-2024-003590,FL-2024-003590,NK,MCO,MSP,44,44,0,0.0,21.1,2024-02-20 15:05:42
BAG-FL-2024-003600,FL-2024-003600,UA,ORD,LAS,82,82,0,0.0,18.6,2024-02-01 17:47:18
BAG-FL-2024-003610,FL-2024-003610,UA,ORD,DTW,138,138,0,0.0,15.7,2024-01-30 16:47:36
BAG-FL-2024-003620,FL-2024-003620,AA,ORD,SEA,47,47,0,0.0,17.2,2024-01-22 07:58:12
BAG-FL-2024-003630,FL-2024-003630,WN,MCO,SFO,140,140,0,0.0,19.5,2024-02-04 16:30:54
BAG-FL-2024-003640,FL-2024-003640,AA,LAX,MSP,21,21,0,0.0,19.0,2024-03-06 09:54:48
BAG-FL-2024-003650,FL-2024-003650,WN,DAL,ATL,106,106,0,0.0,20.1,2024-02-13 15:48:12
BAG-FL-2024-003660,FL-2024-003660,WN,STL,SEA,61,61,0,0.0,18.9,2024-03-15 22:44:30
BAG-FL-2024-003670,FL-2024-003670,UA,ORD,DEN,132,132,0,0.0,19.0,2024-03-16 12:41:24
BAG-FL-2024-003690,FL-2024-003690,WN,DAL,BNA,74,74,0,0.0,15.0,2024-02-03 09:38:36
BAG-FL-2024-003700,FL-2024-003700,WN,DAL,DFW,39,39,0,0.0,15.8,2024-02-27 09:00:36
BAG-FL-2024-003710,FL-2024-003710,DL,ATL,DEN,69,68,1,1.45,18.3,2024-03-08 20:54:00
BAG-FL-2024-003720,FL-2024-003720,WN,DTW,LAX,122,122,0,0.0,18.6,2024-03-07 12:53:54
BAG-FL-2024-003730,FL-2024-003730,WN,DAL,SAN,45,45,0,0.0,17.5,2024-01-30 13:07:06
BAG-FL-2024-003740,FL-2024-003740,UA,ORD,PHX,68,68,0,0.0,23.3,2024-03-13 16:36:30
BAG-FL-2024-003750,FL-2024-003750,OO,SLC,PHX,125,125,0,0.0,17.5,2024-01-19 09:25:00
BAG-FL-2024-003760,FL-2024-003760,DL,ATL,MDW,86,86,0,0.0,17.0,2024-01-09 19:16:00
BAG-FL-2024-003770,FL-2024-003770,OO,BWI,FLL,69,69,0,0.0,15.8,2024-03-19 18:29:18
BAG-FL-2024-003780,FL-2024-003780,UA,JFK,MSP,31,31,0,0.0,18.2,2024-03-30 19:09:36
BAG-FL-2024-003790,FL-2024-003790,WN,DAL,MCO,38,35,3,7.89,16.8,2024-03-28 11:16:54
BAG-FL-2024-003800,FL-2024-003800,AA,MCO,SAN,61,61,0,0.0,15.6,2024-01-02 16:47:30
BAG-FL-2024-003810,FL-2024-003810,DL,ATL,BWI,75,72,3,4.0,14.9,2024-01-03 18:33:36
BAG-FL-2024-003820,FL-2024-003820,DL,PDX,TPA,80,80,0,0.0,23.5,2024-03-29 21:15:12
BAG-FL-2024-003830,FL-2024-003830,WN,DFW,BOS,105,105,0,0.0,15.5,2024-03-15 19:34:06
BAG-FL-2024-003840,FL-2024-003840,AA,DFW,MSP,70,70,0,0.0,20.7,2024-03-21 17:02:54
BAG-FL-2024-003850,FL-2024-003850,WN,DAL,IAD,109,109,0,0.0,20.0,2024-03-01 06:03:24
BAG-FL-2024-003860,FL-2024-003860,WN,DAL,LAX,37,37,0,0.0,18.0,2024-03-18 19:39:12
BAG-FL-2024-003870,FL-2024-003870,OO,SLC,FLL,28,28,0,0.0,20.5,2024-02-28 19:18:54
BAG-FL-2024-003880,FL-2024-003880,AA,DFW,AUS,90,90,0,0.0,17.2,2024-01-15 11:40:42
BAG-FL-2024-003890,FL-2024-003890,UA,ORD,FLL,136,136,0,0.0,20.4,2024-03-23 15:22:30
BAG-FL-2024-003900,FL-2024-003900,DL,ATL,CLT,66,66,0,0.0,19.3,2024-01-22 19:31:18
BAG-FL-2024-003910,FL-2024-003910,OO,SLC,SAN,38,38,0,0.0,19.9,2024-02-25 16:31:00
BAG-FL-2024-003920,FL-2024-003920,DL,ATL,SLC,44,44,0,0.0,17.8,2024-01-28 12:29:42
BAG-FL-2024-003930,FL-2024-003930,DL,ATL,TPA,55,55,0,0.0,18.5,2024-01-27 15:04:12
BAG-FL-2024-003940,FL-2024-003940,AA,ORD,MCO,37,36,1,2.7,17.9,2024-03-03 14:38:18
BAG-FL-2024-003950,FL-2024-003950,DL,PHX,DTW,85,85,0,0.0,21.7,2024-01-19 18:01:18
BAG-FL-2024-003960,FL-2024-003960,WN,DAL,TPA,75,75,0,0.0,22.1,2024-02-25 14:54:30
BAG-FL-2024-003970,FL-2024-003970,AA,DEN,JFK,61,61,0,0.0,21.4,2024-02-11 11:02:06
BAG-FL-2024-003980,FL-2024-003980,AA,SLC,ATL,121,121,0,0.0,19.4,2024-03-28 06:57:00
BAG-FL-2024-003990,FL-2024-003990,DL,ATL,SFO,53,53,0,0.0,20.2,2024-03-30 09:37:12
BAG-FL-2024-004000,FL-2024-004000,WN,STL,DTW,129,129,0,0.0,23.8,2024-02-14 14:40:06
BAG-FL-2024-004010,FL-2024-004010,UA,HNL,MIA,125,125,0,0.0,18.7,2024-01-13 16:20:54
BAG-FL-2024-004020,FL-2024-004020,AA,DFW,DTW,56,56,0,0.0,14.6,2024-01-14 10:09:42
BAG-FL-2024-004030,FL-2024-004030,AA,DFW,MDW,26,23,3,11.54,20.1,2024-03-18 19:13:06
BAG-FL-2024-004040,FL-2024-004040,WN,DAL,JFK,79,79,0,0.0,17.8,2024-03-14 09:06:00
BAG-FL-2024-004050,FL-2024-004050,NK,FLL,ATL,138,138,0,0.0,21.8,2024-02-24 09:44:36
BAG-FL-2024-004060,FL-2024-004060,AA,DFW,MDW,98,98,0,0.0,16.3,2024-03-24 11:47:00
BAG-FL-2024-004070,FL-2024-004070,AA,LAS,IAD,44,44,0,0.0,17.4,2024-02-26 17:22:12
BAG-FL-2024-004080,FL-2024-004080,OO,SLC,CLT,49,49,0,0.0,17.3,2024-01-23 22:43:18
BAG-FL-2024-004090,FL-2024-004090,UA,PHX,BNA,108,108,0,0.0,23.0,2024-01-04 10:54:00
BAG-FL-2024-004100,FL-2024-004100,WN,PDX,EWR,55,53,2,3.64,18.9,2024-02-02 09:14:48
BAG-FL-2024-004110,FL-2024-004110,AA,DFW,SAN,24,24,0,0.0,17.4,2024-01-30 15:19:36
BAG-FL-2024-004120,FL-2024-004120,WN,ORD,MCO,73,73,0,0.0,18.4,2024-02-01 16:05:18
BAG-FL-2024-004130,FL-2024-004130,WN,DAL,IAD,127,127,0,0.0,19.8,2024-03-08 08:43:30
BAG-FL-2024-004140,FL-2024-004140,AS,SEA,ORD,69,69,0,0.0,20.1,2024-03-07 07:53:24
BAG-FL-2024-004150,FL-2024-004150,DL,ATL,CLT,138,138,0,0.0,17.6,2024-03-06 07:50:42
BAG-FL-2024-004160,FL-2024-004160,B6,EWR,PHX,64,64,0,0.0,18.3,2024-03-26 21:19:48
BAG-FL-2024-004170,FL-2024-004170,UA,BOS,JFK,86,86,0,0.0,18.7,2024-03-16 06:57:24
BAG-FL-2024-004180,FL-2024-004180,WN,BOS,ORD,79,79,0,0.0,17.8,2024-03-03 21:59:00
BAG-FL-2024-004190,FL-2024-004190,UA,ORD,IAD,125,125,0,0.0,15.8,2024-01-18 09:42:24
BAG-FL-2024-004200,FL-2024-004200,DL,SFO,ATL,22,22,0,0.0,18.9,2024-02-06 11:53:48
BAG-FL-2024-004210,FL-2024-004210,AS,SEA,LAX,68,68,0,0.0,20.5,2024-02-17 13:09:36
BAG-FL-2024-004220,FL-2024-004220,DL,DAL,SLC,59,59,0,0.0,19.9,2024-01-14 21:28:42
BAG-FL-2024-004230,FL-2024-004230,F9,MDW,TPA,43,43,0,0.0,16.9,2024-02-17 10:05:00
BAG-FL-2024-004240,FL-2024-004240,WN,DAL,MDW,51,51,0,0.0,16.2,2024-02-01 13:45:12
BAG-FL-2024-004250,FL-2024-004250,B6,JFK,STL,54,54,0,0.0,22.4,2024-02-25 18:41:24
BAG-FL-2024-004260,FL-2024-004260,UA,IAD,STL,30,28,2,6.67,21.9,2024-03-27 20:17:48
BAG-FL-2024-004270,FL-2024-004270,WN,ORD,LAX,122,122,0,0.0,23.3,2024-03-17 08:13:06
BAG-FL-2024-004280,FL-2024-004280,WN,DAL,LAS,44,44,0,0.0,23.6,2024-03-18 10:12:06
BAG-FL-2024-004290,FL-2024-004290,AA,DFW,SLC,44,44,0,0.0,19.1,2024-03-25 13:22:42
BAG-FL-2024-004300,FL-2024-004300,B6,JFK,PHX,66,66,0,0.0,16.5,2024-01-14 12:07:12
BAG-FL-2024-004320,FL-2024-004320,WN,TPA,FLL,111,111,0,0.0,17.2,2024-02-26 13:06:12
BAG-FL-2024-004330,FL-2024-004330,HA,HNL,DFW,78,78,0,0.0,23.5,2024-01-15 12:01:54
BAG-FL-2024-004340,FL-2024-004340,WN,ATL,PHX,107,107,0,0.0,20.6,2024-01-10 06:58:12
BAG-FL-2024-004350,FL-2024-004350,OO,SLC,PDX,43,43,0,0.0,18.0,2024-03-05 16:05:00
BAG-FL-2024-004370,FL-2024-004370,UA,STL,SFO,67,67,0,0.0,23.8,2024-02-13 16:01:42
BAG-FL-2024-004380,FL-2024-004380,WN,DAL,CLT,39,39,0,0.0,20.6,2024-02-08 14:20:24
BAG-FL-2024-004390,FL-2024-004390,AA,EWR,ORD,97,96,1,1.03,18.1,2024-02-16 15:00:12
BAG-FL-2024-004400,FL-2024-004400,WN,DAL,JFK,34,34,0,0.0,22.7,2024-03-14 13:29:42
BAG-FL-2024-004410,FL-2024-004410,UA,ATL,BNA,71,71,0,0.0,19.8,2024-01-20 22:30:24
BAG-FL-2024-004420,FL-2024-004420,OO,ATL,MIA,110,110,0,0.0,15.0,2024-01-12 08:51:30
BAG-FL-2024-004440,FL-2024-004440,DL,ATL,LAX,75,75,0,0.0,18.2,2024-02-12 08:12:06
BAG-FL-2024-004450,FL-2024-004450,AA,DFW,BOS,37,37,0,0.0,16.7,2024-02-16 09:05:42
BAG-FL-2024-004460,FL-2024-004460,AS,ATL,BWI,74,74,0,0.0,20.8,2024-01-15 16:52:48
BAG-FL-2024-004470,FL-2024-004470,DL,ATL,IAD,128,128,0,0.0,17.9,2024-03-25 17:44:48
BAG-FL-2024-004480,FL-2024-004480,AA,TPA,EWR,63,63,0,0.0,21.4,2024-03-18 11:19:12
BAG-FL-2024-004490,FL-2024-004490,DL,MCO,PHX,128,126,2,1.56,18.4,2024-01-07 09:40:06
BAG-FL-2024-004500,FL-2024-004500,B6,JFK,DTW,46,46,0,0.0,20.2,2024-01-14 14:41:24
BAG-FL-2024-004510,FL-2024-004510,WN,SLC,HNL,60,60,0,0.0,25.2,2024-02-07 15:42:42
BAG-FL-2024-004520,FL-2024-004520,UA,ORD,AUS,36,36,0,0.0,19.3,2024-02-26 14:37:36
BAG-FL-2024-004530,FL-2024-004530,DL,ATL,LAX,50,50,0,0.0,15.9,2024-02-14 13:44:36
BAG-FL-2024-004540,FL-2024-004540,DL,PHX,MDW,24,24,0,0.0,17.3,2024-03-03 13:20:06
BAG-FL-2024-004550,FL-2024-004550,DL,IAH,CLT,113,113,0,0.0,17.8,2024-02-03 10:30:12
BAG-FL-2024-004560,FL-2024-004560,OO,BWI,FLL,76,76,0,0.0,17.3,2024-02-21 10:50:30
BAG-FL-2024-004570,FL-2024-004570,UA,MIA,LAS,52,49,3,5.77,19.9,2024-03-22 22:33:06
BAG-FL-2024-004580,FL-2024-004580,AA,MDW,AUS,133,133,0,0.0,18.5,2024-01-04 16:14:18
BAG-FL-2024-004590,FL-2024-004590,F9,DEN,EWR,128,128,0,0.0,22.8,2024-02-14 12:37:42
BAG-FL-2024-004600,FL-2024-004600,OO,SLC,JFK,50,50,0,0.0,21.3,2024-02-21 13:50:00
BAG-FL-2024-004610,FL-2024-004610,WN,DTW,PDX,59,59,0,0.0,20.4,2024-02-01 13:44:54
BAG-FL-2024-004620,FL-2024-004620,B6,JFK,PHX,58,56,2,3.45,21.7,2024-01-19 09:37:54
BAG-FL-2024-004630,FL-2024-004630,AA,DFW,SAN,46,46,0,0.0,20.9,2024-01-10 16:28:48
BAG-FL-2024-004640,FL-2024-004640,DL,ATL,BOS,57,57,0,0.0,13.4,2024-02-26 16:14:30
BAG-FL-2024-004650,FL-2024-004650,AA,DFW,ATL,118,118,0,0.0,15.8,2024-03-05 22:57:24
BAG-FL-2024-004660,FL-2024-004660,DL,ATL,EWR,89,89,0,0.0,16.9,2024-01-03 08:34:12
BAG-FL-2024-004670,FL-2024-004670,WN,SAN,BWI,112,112,0,0.0,23.2,2024-02-29 09:01:54
BAG-FL-2024-004680,FL-2024-004680,UA,BWI,FLL,75,75,0,0.0,19.6,2024-01-15 10:35:54
BAG-FL-2024-004690,FL-2024-004690,OO,TPA,PHX,63,63,0,0.0,13.1,2024-01-30 06:56:12
BAG-FL-2024-004700,FL-2024-004700,AA,DFW,DEN,75,75,0,0.0,22.4,2024-03-12 16:12:48
BAG-FL-2024-004710,FL-2024-004710,OO,MSP,EWR,73,73,0,0.0,21.5,2024-03-09 12:47:06
BAG-FL-2024-004720,FL-2024-004720,OO,SLC,DTW,40,40,0,0.0,14.0,2024-02-18 16:01:12
BAG-FL-2024-004730,FL-2024-004730,DL,ATL,BOS,59,59,0,0.0,17.8,2024-02-03 13:11:24
BAG-FL-2024-004740,FL-2024-004740,WN,PDX,BOS,71,71,0,0.0,15.3,2024-03-30 07:02:48
BAG-FL-2024-004750,FL-2024-004750,NK,FLL,SFO,125,125,0,0.0,19.5,2024-01-29 14:55:00
BAG-FL-2024-004760,FL-2024-004760,DL,MDW,IAH,58,58,0,0.0,19.9,2024-03-17 08:29:48
BAG-FL-2024-004770,FL-2024-004770,F9,DEN,BOS,74,74,0,0.0,16.7,2024-01-25 17:15:36
BAG-FL-2024-004780,FL-2024-004780,WN,DAL,CLT,113,113,0,0.0,21.8,2024-01-30 17:52:36
BAG-FL-2024-004790,FL-2024-004790,AS,FLL,MSP,102,102,0,0.0,19.9,2024-01-02 14:30:54
BAG-FL-2024-004800,FL-2024-004800,WN,DAL,STL,58,58,0,0.0,16.5,2024-03-22 14:40:12
BAG-FL-2024-004810,FL-2024-004810,DL,ATL,PDX,66,66,0,0.0,23.4,2024-02-22 12:36:36
BAG-FL-2024-004820,FL-2024-004820,WN,DAL,HNL,88,88,0,0.0,21.8,2024-02-16 14:39:30
BAG-FL-2024-004830,FL-2024-004830,AA,JFK,BNA,70,70,0,0.0,19.2,2024-02-01 10:53:24
BAG-FL-2024-004840,FL-2024-004840,DL,SEA,BWI,131,131,0,0.0,19.8,2024-01-02 10:31:06
BAG-FL-2024-004850,FL-2024-004850,UA,LAX,SFO,100,100,0,0.0,18.7,2024-01-11 10:03:24
BAG-FL-2024-004860,FL-2024-004860,AA,ATL,MDW,125,125,0,0.0,17.7,2024-02-23 12:09:48
BAG-FL-2024-004870,FL-2024-004870,F9,LAS,CLT,42,42,0,0.0,18.1,2024-01-12 14:51:00
BAG-FL-2024-004880,FL-2024-004880,DL,DTW,ATL,69,69,0,0.0,21.3,2024-02-03 12:34:48
BAG-FL-2024-004890,FL-2024-004890,OO,SLC,LAX,23,23,0,0.0,14.6,2024-03-15 17:25:06
BAG-FL-2024-004910,FL-2024-004910,AA,BWI,IAD,103,103,0,0.0,13.3,2024-01-22 11:30:24
BAG-FL-2024-004930,FL-2024-004930,UA,BWI,TPA,71,71,0,0.0,19.1,2024-01-02 10:49:00
BAG-FL-2024-004940,FL-2024-004940,OO,ATL,MCO,21,21,0,0.0,19.7,2024-03-22 10:30:48
BAG-FL-2024-004950,FL-2024-004950,DL,TPA,PDX,107,107,0,0.0,16.8,2024-03-22 08:58:30
BAG-FL-2024-004960,FL-2024-004960,OO,SLC,MIA,137,137,0,0.0,15.0,2024-02-11 08:02:54
BAG-FL-2024-004970,FL-2024-004970,B6,SFO,DEN,30,30,0,0.0,16.2,2024-02-27 21:12:42
BAG-FL-2024-004980,FL-2024-004980,OO,BWI,DEN,66,66,0,0.0,16.0,2024-03-15 20:40:00
BAG-FL-2024-004990,FL-2024-004990,OO,SLC,PHX,46,46,0,0.0,18.5,2024-01-03 17:23:06
BAG-FL-2024-005000,FL-2024-005000,OO,MDW,BNA,27,26,1,3.7,19.8,2024-01-07 16:01:36
BAG-FL-2024-005010,FL-2024-005010,DL,ATL,MIA,92,92,0,0.0,19.9,2024-01-17 15:37:36
BAG-FL-2024-005020,FL-2024-005020,WN,BWI,CLT,23,23,0,0.0,16.2,2024-03-26 17:51:06
BAG-FL-2024-005030,FL-2024-005030,NK,IAH,HNL,73,71,2,2.74,22.6,2024-02-14 10:02:54
BAG-FL-2024-005040,FL-2024-005040,AA,FLL,TPA,108,108,0,0.0,16.3,2024-03-27 10:21:12
BAG-FL-2024-005050,FL-2024-005050,B6,JFK,SEA,123,123,0,0.0,19.3,2024-01-06 14:39:18
BAG-FL-2024-005060,FL-2024-005060,WN,DAL,MDW,85,85,0,0.0,19.6,2024-02-01 13:08:12
BAG-FL-2024-005070,FL-2024-005070,OO,PDX,DEN,69,69,0,0.0,19.5,2024-03-05 15:37:06
BAG-FL-2024-005080,FL-2024-005080,WN,DAL,LAX,125,124,1,0.8,19.6,2024-02-09 11:43:48
BAG-FL-2024-005090,FL-2024-005090,DL,ATL,ORD,76,76,0,0.0,14.7,2024-03-19 15:28:18
BAG-FL-2024-005100,FL-2024-005100,UA,ORD,PDX,21,21,0,0.0,19.1,2024-03-23 06:50:00
BAG-FL-2024-005110,FL-2024-005110,WN,DAL,LAX,21,21,0,0.0,20.6,2024-01-21 13:07:12
BAG-FL-2024-005120,FL-2024-005120,WN,LAS,BNA,87,87,0,0.0,20.7,2024-02-17 14:08:12
BAG-FL-2024-005130,FL-2024-005130,DL,ATL,EWR,75,75,0,0.0,19.4,2024-02-08 14:54:24
BAG-FL-2024-005140,FL-2024-005140,UA,DAL,MSP,48,47,1,2.08,16.9,2024-02-09 07:41:48
BAG-FL-2024-005150,FL-2024-005150,AA,DFW,SFO,110,110,0,0.0,16.8,2024-03-30 13:11:54
BAG-FL-2024-005160,FL-2024-005160,OO,AUS,SEA,93,90,3,3.23,20.0,2024-03-14 18:00:54
BAG-FL-2024-005170,FL-2024-005170,DL,ATL,DTW,136,136,0,0.0,17.5,2024-01-24 07:49:42
BAG-FL-2024-005180,FL-2024-005180,DL,ATL,DEN,75,75,0,0.0,18.6,2024-03-16 14:35:24
BAG-FL-2024-005190,FL-2024-005190,NK,FLL,BNA,72,70,2,2.78,21.4,2024-01-22 12:34:36
BAG-FL-2024-005200,FL-2024-005200,DL,BWI,TPA,52,52,0,0.0,17.7,2024-02-26 08:14:48
BAG-FL-2024-005210,FL-2024-005210,WN,FLL,DFW,125,125,0,0.0,16.4,2024-01-09 17:31:06
BAG-FL-2024-005220,FL-2024-005220,DL,ATL,DAL,24,24,0,0.0,20.7,2024-01-06 09:57:00
BAG-FL-2024-005230,FL-2024-005230,F9,DEN,IAH,79,79,0,0.0,17.9,2024-02-22 12:19:30
BAG-FL-2024-005240,FL-2024-005240,WN,BOS,ORD,66,66,0,0.0,20.5,2024-01-24 08:02:42
BAG-FL-2024-005250,FL-2024-005250,B6,DEN,IAH,49,49,0,0.0,24.5,2024-02-16 06:29:36
BAG-FL-2024-005260,FL-2024-005260,HA,HNL,SEA,136,136,0,0.0,18.2,2024-03-22 08:24:30
BAG-FL-2024-005270,FL-2024-005270,AA,DFW,STL,40,40,0,0.0,17.0,2024-03-07 13:40:36
BAG-FL-2024-005280,FL-2024-005280,B6,PDX,BOS,113,113,0,0.0,20.4,2024-02-03 20:21:18
BAG-FL-2024-005290,FL-2024-005290,WN,DAL,IAH,59,59,0,0.0,18.7,2024-01-20 17:31:18
BAG-FL-2024-005300,FL-2024-005300,UA,ORD,SLC,109,109,0,0.0,16.9,2024-03-28 16:30:12
BAG-FL-2024-005310,FL-2024-005310,DL,ATL,DAL,70,70,0,0.0,20.3,2024-02-06 10:12:00
BAG-FL-2024-005320,FL-2024-005320,WN,DAL,MCO,90,90,0,0.0,21.5,2024-03-03 17:40:48
BAG-FL-2024-005330,FL-2024-005330,B6,PDX,TPA,32,32,0,0.0,17.1,2024-03-11 12:18:00
BAG-FL-2024-005340,FL-2024-005340,AA,TPA,DEN,49,49,0,0.0,16.7,2024-01-25 18:27:42
BAG-FL-2024-005350,FL-2024-005350,DL,MIA,FLL,83,83,0,0.0,19.8,2024-03-21 20:22:18
BAG-FL-2024-005360,FL-2024-005360,NK,FLL,SLC,104,104,0,0.0,22.0,2024-01-24 11:28:24
BAG-FL-2024-005370,FL-2024-005370,AA,LAS,DFW,127,127,0,0.0,20.3,2024-01-21 18:30:30
BAG-FL-2024-005380,FL-2024-005380,OO,DTW,HNL,48,47,1,2.08,16.0,2024-01-22 17:11:18
BAG-FL-2024-005390,FL-2024-005390,AA,TPA,DAL,23,23,0,0.0,17.2,2024-02-29 17:06:42
BAG-FL-2024-005400,FL-2024-005400,AS,SEA,STL,85,85,0,0.0,16.5,2024-01-19 13:32:30
BAG-FL-2024-005410,FL-2024-005410,UA,ORD,SFO,97,97,0,0.0,14.6,2024-03-09 09:21:12
BAG-FL-2024-005420,FL-2024-005420,WN,DAL,EWR,111,111,0,0.0,18.9,2024-03-13 20:00:12
BAG-FL-2024-005430,FL-2024-005430,HA,TPA,JFK,49,47,2,4.08,20.9,2024-03-11 14:07:42
BAG-FL-2024-005440,FL-2024-005440,WN,DAL,DEN,134,134,0,0.0,17.6,2024-03-29 14:32:18
BAG-FL-2024-005450,FL-2024-005450,B6,JFK,STL,35,35,0,0.0,21.7,2024-03-01 11:04:36
BAG-FL-2024-005470,FL-2024-005470,OO,DFW,STL,50,50,0,0.0,22.5,2024-02-06 15:50:18
BAG-FL-2024-005480,FL-2024-005480,UA,DAL,BNA,119,119,0,0.0,22.9,2024-02-06 08:46:24
BAG-FL-2024-005490,FL-2024-005490,NK,FLL,MSP,70,70,0,0.0,13.2,2024-03-19 14:52:36
BAG-FL-2024-005500,FL-2024-005500,DL,ATL,HNL,91,91,0,0.0,13.0,2024-03-21 09:23:12
BAG-FL-2024-005510,FL-2024-005510,OO,SLC,IAH,63,63,0,0.0,20.5,2024-01-16 13:12:36
BAG-FL-2024-005520,FL-2024-005520,UA,DFW,IAD,111,111,0,0.0,17.7,2024-03-06 11:04:30
BAG-FL-2024-005530,FL-2024-005530,B6,MIA,SFO,80,80,0,0.0,18.5,2024-03-29 22:24:12
BAG-FL-2024-005540,FL-2024-005540,B6,JFK,MDW,76,76,0,0.0,18.7,2024-01-17 09:18:36
BAG-FL-2024-005550,FL-2024-005550,NK,HNL,DEN,63,62,1,1.59,15.9,2024-01-24 08:49:48
BAG-FL-2024-005560,FL-2024-005560,AS,FLL,MIA,47,47,0,0.0,20.1,2024-03-13 10:52:24
BAG-FL-2024-005570,FL-2024-005570,UA,ORD,PDX,24,24,0,0.0,15.4,2024-01-13 14:13:06
BAG-FL-2024-005580,FL-2024-005580,WN,DAL,DFW,26,26,0,0.0,19.8,2024-03-13 16:31:18
BAG-FL-2024-005590,FL-2024-005590,DL,BNA,MCO,77,77,0,0.0,16.6,2024-02-10 07:46:00
BAG-FL-2024-005600,FL-2024-005600,AS,SEA,BNA,43,41,2,4.65,19.6,2024-02-08 15:45:30
BAG-FL-2024-005610,FL-2024-005610,AA,BOS,STL,99,99,0,0.0,15.7,2024-01-01 06:52:30
BAG-FL-2024-005620,FL-2024-005620,UA,LAX,ORD,108,108,0,0.0,16.9,2024-03-06 12:45:06
BAG-FL-2024-005630,FL-2024-005630,OO,SLC,MDW,115,115,0,0.0,20.5,2024-02-03 13:24:00
BAG-FL-2024-005640,FL-2024-005640,AS,SEA,BNA,89,89,0,0.0,19.4,2024-03-12 11:31:24
BAG-FL-2024-005650,FL-2024-005650,DL,MDW,MSP,131,131,0,0.0,20.3,2024-03-14 11:47:30
BAG-FL-2024-005660,FL-2024-005660,DL,DTW,SLC,27,27,0,0.0,21.7,2024-03-22 07:45:36
BAG-FL-2024-005670,FL-2024-005670,AA,HNL,MSP,27,27,0,0.0,16.7,2024-02-20 14:17:06
BAG-FL-2024-005680,FL-2024-005680,WN,HNL,IAD,41,40,1,2.44,21.6,2024-03-02 12:06:54
BAG-FL-2024-005690,FL-2024-005690,DL,ATL,MDW,51,51,0,0.0,21.5,2024-01-29 16:13:06
BAG-FL-2024-005700,FL-2024-005700,AA,DFW,AUS,56,56,0,0.0,16.5,2024-01-02 15:29:18
BAG-FL-2024-005710,FL-2024-005710,NK,TPA,ATL,133,133,0,0.0,18.3,2024-01-10 21:21:54
BAG-FL-2024-005720,FL-2024-005720,WN,DAL,MDW,47,47,0,0.0,24.4,2024-02-09 09:43:12
BAG-FL-2024-005730,FL-2024-005730,DL,HNL,MDW,52,52,0,0.0,19.9,2024-03-13 12:38:18
BAG-FL-2024-005740,FL-2024-005740,UA,CLT,SLC,39,39,0,0.0,16.2,2024-03-03 16:11:36
BAG-FL-2024-005760,FL-2024-005760,WN,MDW,LAS,31,31,0,0.0,14.9,2024-02-17 13:33:00
BAG-FL-2024-005770,FL-2024-005770,AS,SLC,LAS,119,119,0,0.0,18.3,2024-02-20 06:10:06
BAG-FL-2024-005780,FL-2024-005780,UA,ORD,DTW,96,96,0,0.0,20.8,2024-02-28 16:57:42
BAG-FL-2024-005790,FL-2024-005790,AA,DFW,SEA,44,44,0,0.0,16.7,2024-03-15 12:59:18
BAG-FL-2024-005800,FL-2024-005800,UA,ORD,CLT,39,37,2,5.13,14.0,2024-01-25 14:54:00
BAG-FL-2024-005810,FL-2024-005810,AA,LAX,BNA,72,72,0,0.0,15.2,2024-03-27 08:12:06
BAG-FL-2024-005820,FL-2024-005820,AA,DFW,TPA,21,21,0,0.0,16.1,2024-03-21 15:48:00
BAG-FL-2024-005830,FL-2024-005830,DL,ATL,MIA,81,81,0,0.0,15.2,2024-02-18 15:09:36
BAG-FL-2024-005840,FL-2024-005840,AS,IAD,DEN,96,94,2,2.08,19.1,2024-01-03 15:02:36
BAG-FL-2024-005850,FL-2024-005850,AA,DFW,SLC,63,63,0,0.0,20.1,2024-03-01 16:22:42
BAG-FL-2024-005860,FL-2024-005860,WN,DFW,SEA,89,89,0,0.0,20.2,2024-03-30 20:49:30
BAG-FL-2024-005870,FL-2024-005870,UA,BOS,LAS,105,105,0,0.0,19.8,2024-03-27 07:22:48
BAG-FL-2024-005880,FL-2024-005880,OO,SLC,SEA,111,111,0,0.0,19.6,2024-01-22 10:49:36
BAG-FL-2024-005890,FL-2024-005890,B6,MSP,FLL,40,40,0,0.0,12.0,2024-01-29 16:14:18
BAG-FL-2024-005900,FL-2024-005900,DL,MCO,TPA,131,131,0,0.0,18.7,2024-03-08 07:41:18
BAG-FL-2024-005910,FL-2024-005910,UA,ORD,MCO,73,73,0,0.0,22.6,2024-03-02 15:30:24
BAG-FL-2024-005920,FL-2024-005920,AS,LAX,JFK,54,54,0,0.0,22.6,2024-02-02 18:06:54
BAG-FL-2024-005930,FL-2024-005930,UA,BNA,PHX,66,66,0,0.0,20.6,2024-02-24 16:41:18
BAG-FL-2024-005940,FL-2024-005940,HA,DAL,ATL,137,134,3,2.19,22.9,2024-03-08 14:38:24
BAG-FL-2024-005950,FL-2024-005950,B6,JFK,ORD,117,117,0,0.0,23.0,2024-03-30 15:58:36
BAG-FL-2024-005960,FL-2024-005960,AS,SFO,BNA,59,59,0,0.0,21.4,2024-03-08 11:15:18
BAG-FL-2024-005970,FL-2024-005970,DL,ATL,LAX,78,78,0,0.0,15.1,2024-03-19 18:11:24
BAG-FL-2024-005980,FL-2024-005980,AA,ORD,MSP,54,54,0,0.0,20.0,2024-02-01 18:14:54
BAG-FL-2024-005990,FL-2024-005990,UA,ORD,MDW,94,94,0,0.0,20.0,2024-01-08 12:44:42
BAG-FL-2024-006000,FL-2024-006000,HA,HNL,BWI,137,137,0,0.0,15.7,2024-03-23 08:32:42
BAG-FL-2024-006010,FL-2024-006010,UA,IAH,BOS,100,100,0,0.0,14.4,2024-03-07 16:24:42
BAG-FL-2024-006020,FL-2024-006020,AA,SAN,JFK,136,136,0,0.0,19.3,2024-01-15 14:37:48
BAG-FL-2024-006030,FL-2024-006030,UA,ORD,SLC,89,89,0,0.0,21.4,2024-03-03 14:02:54
BAG-FL-2024-006040,FL-2024-006040,DL,ATL,MCO,117,117,0,0.0,17.3,2024-03-11 10:35:24
BAG-FL-2024-006050,FL-2024-006050,NK,MDW,PHX,89,89,0,0.0,16.9,2024-01-20 11:59:42
BAG-FL-2024-006060,FL-2024-006060,F9,DEN,SEA,53,53,0,0.0,18.4,2024-02-14 07:25:54
BAG-FL-2024-006070,FL-2024-006070,DL,ATL,MCO,133,130,3,2.26,14.3,2024-01-02 09:07:06
BAG-FL-2024-006080,FL-2024-006080,UA,ORD,SFO,53,53,0,0.0,23.0,2024-03-04 20:11:42
BAG-FL-2024-006090,FL-2024-006090,DL,ATL,BOS,41,41,0,0.0,20.6,2024-03-27 14:41:48
BAG-FL-2024-006100,FL-2024-006100,OO,FLL,BNA,23,23,0,0.0,25.3,2024-01-20 09:56:18
BAG-FL-2024-006110,FL-2024-006110,B6,JFK,MSP,58,58,0,0.0,13.7,2024-03-20 10:13:48
BAG-FL-2024-006120,FL-2024-006120,AA,DFW,MSP,40,37,3,7.5,22.0,2024-01-19 18:45:00
BAG-FL-2024-006130,FL-2024-006130,DL,ATL,BOS,28,27,1,3.57,20.4,2024-03-20 11:09:42
BAG-FL-2024-006140,FL-2024-006140,DL,ATL,MDW,49,48,1,2.04,17.9,2024-02-14 15:32:36
BAG-FL-2024-006150,FL-2024-006150,UA,DEN,SFO,53,53,0,0.0,17.7,2024-02-21 17:02:06
BAG-FL-2024-006160,FL-2024-006160,UA,ORD,PDX,120,120,0,0.0,21.1,2024-03-27 06:21:48
BAG-FL-2024-006170,FL-2024-006170,AA,DFW,LAX,48,48,0,0.0,15.8,2024-03-09 17:45:54
BAG-FL-2024-006180,FL-2024-006180,AA,LAS,PDX,113,113,0,0.0,18.9,2024-02-19 16:43:54
BAG-FL-2024-006190,FL-2024-006190,AS,BNA,STL,124,124,0,0.0,15.6,2024-01-05 11:22:36
BAG-FL-2024-006200,FL-2024-006200,UA,ORD,SFO,57,57,0,0.0,19.9,2024-02-10 08:40:36
BAG-FL-2024-006210,FL-2024-006210,DL,FLL,MSP,52,52,0,0.0,16.2,2024-01-08 17:30:00
BAG-FL-2024-006220,FL-2024-006220,DL,SEA,SAN,55,55,0,0.0,16.7,2024-02-08 17:43:36
BAG-FL-2024-006230,FL-2024-006230,UA,SAN,MCO,36,36,0,0.0,22.1,2024-02-12 18:24:48
BAG-FL-2024-006240,FL-2024-006240,UA,ORD,JFK,49,49,0,0.0,17.6,2024-03-22 14:31:24
BAG-FL-2024-006250,FL-2024-006250,AA,DTW,TPA,51,51,0,0.0,17.9,2024-03-15 18:22:30
BAG-FL-2024-006260,FL-2024-006260,UA,ORD,IAH,108,106,2,1.85,17.1,2024-02-16 15:50:48
BAG-FL-2024-006270,FL-2024-006270,AS,EWR,IAH,46,46,0,0.0,15.2,2024-03-28 12:26:36
BAG-FL-2024-006280,FL-2024-006280,DL,ATL,SFO,62,62,0,0.0,18.8,2024-01-11 19:50:54
BAG-FL-2024-006290,FL-2024-006290,DL,BWI,MCO,43,43,0,0.0,16.6,2024-02-01 10:07:18
BAG-FL-2024-006300,FL-2024-006300,UA,DAL,BOS,95,95,0,0.0,16.5,2024-02-13 12:06:18
BAG-FL-2024-006310,FL-2024-006310,AA,DFW,DTW,67,67,0,0.0,20.1,2024-01-01 08:17:24
BAG-FL-2024-006320,FL-2024-006320,DL,STL,TPA,138,138,0,0.0,15.1,2024-01-18 20:30:54
BAG-FL-2024-006330,FL-2024-006330,WN,DAL,PDX,71,69,2,2.82,17.1,2024-03-24 17:14:24
BAG-FL-2024-006340,FL-2024-006340,AA,HNL,PDX,84,82,2,2.38,19.2,2024-02-20 18:38:00
BAG-FL-2024-006350,FL-2024-006350,DL,ATL,SFO,25,23,2,8.0,17.7,2024-03-26 12:18:48
BAG-FL-2024-006360,FL-2024-006360,WN,AUS,IAD,82,82,0,0.0,21.1,2024-01-28 12:24:36
BAG-FL-2024-006370,FL-2024-006370,WN,BOS,LAX,66,66,0,0.0,17.3,2024-02-20 17:12:30
BAG-FL-2024-006380,FL-2024-006380,NK,SAN,BWI,55,55,0,0.0,26.4,2024-02-24 14:51:12
BAG-FL-2024-006390,FL-2024-006390,DL,ATL,BWI,94,94,0,0.0,17.2,2024-01-30 12:29:06
BAG-FL-2024-006400,FL-2024-006400,UA,MDW,ORD,71,71,0,0.0,16.6,2024-03-09 15:13:06
BAG-FL-2024-006410,FL-2024-006410,B6,MSP,BNA,53,53,0,0.0,23.0,2024-01-20 12:11:42
BAG-FL-2024-006420,FL-2024-006420,AA,CLT,BOS,41,40,1,2.44,21.7,2024-02-09 11:32:00
BAG-FL-2024-006430,FL-2024-006430,AA,DFW,SFO,31,31,0,0.0,19.9,2024-03-20 08:58:18
BAG-FL-2024-006440,FL-2024-006440,OO,SLC,FLL,50,50,0,0.0,19.3,2024-01-25 08:54:00
BAG-FL-2024-006450,FL-2024-006450,DL,CLT,FLL,122,122,0,0.0,17.0,2024-01-20 09:12:36
BAG-FL-2024-006460,FL-2024-006460,AA,DFW,EWR,100,100,0,0.0,19.8,2024-01-04 14:49:48
BAG-FL-2024-006470,FL-2024-006470,DL,ATL,BOS,114,114,0,0.0,18.7,2024-01-16 14:12:12
BAG-FL-2024-006480,FL-2024-006480,NK,FLL,PHX,102,102,0,0.0,19.9,2024-03-26 06:45:36
BAG-FL-2024-006490,FL-2024-006490,HA,STL,BOS,132,132,0,0.0,18.8,2024-03-11 10:07:36
BAG-FL-2024-006500,FL-2024-006500,DL,ATL,MSP,38,38,0,0.0,20.4,2024-03-16 20:03:00
BAG-FL-2024-006510,FL-2024-006510,DL,MSP,BNA,45,45,0,0.0,21.8,2024-03-11 14:44:42
BAG-FL-2024-006520,FL-2024-006520,B6,JFK,IAD,122,122,0,0.0,21.9,2024-03-10 13:22:18
BAG-FL-2024-006530,FL-2024-006530,AS,SEA,SAN,87,87,0,0.0,17.2,2024-01-29 10:39:42
BAG-FL-2024-006540,FL-2024-006540,DL,IAD,SAN,28,28,0,0.0,22.8,2024-01-15 09:48:18
BAG-FL-2024-006550,FL-2024-006550,AA,FLL,IAD,55,55,0,0.0,13.9,2024-01-19 07:38:42
BAG-FL-2024-006560,FL-2024-006560,UA,ORD,JFK,30,30,0,0.0,17.7,2024-01-29 08:09:42
BAG-FL-2024-006570,FL-2024-006570,AA,DFW,FLL,69,69,0,0.0,16.0,2024-02-03 18:59:36
BAG-FL-2024-006580,FL-2024-006580,WN,DAL,LAX,80,80,0,0.0,16.9,2024-03-19 14:18:06
BAG-FL-2024-006590,FL-2024-006590,AS,IAH,EWR,76,76,0,0.0,17.4,2024-02-24 22:42:00
BAG-FL-2024-006610,FL-2024-006610,UA,ORD,EWR,39,39,0,0.0,17.4,2024-03-16 08:11:54
BAG-FL-2024-006620,FL-2024-006620,WN,IAH,JFK,88,88,0,0.0,21.8,2024-01-21 10:50:48
BAG-FL-2024-006630,FL-2024-006630,DL,SLC,SFO,92,92,0,0.0,21.2,2024-03-26 15:07:12
BAG-FL-2024-006640,FL-2024-006640,AS,EWR,IAD,43,43,0,0.0,18.8,2024-03-23 15:51:00
BAG-FL-2024-006650,FL-2024-006650,DL,HNL,ORD,25,25,0,0.0,20.8,2024-03-22 14:12:36
BAG-FL-2024-006660,FL-2024-006660,DL,ATL,TPA,134,134,0,0.0,19.1,2024-03-13 10:11:30
BAG-FL-2024-006670,FL-2024-006670,NK,SEA,ATL,55,55,0,0.0,16.4,2024-02-28 12:15:42
BAG-FL-2024-006680,FL-2024-006680,NK,CLT,ATL,71,71,0,0.0,19.7,2024-03-24 12:00:54
BAG-FL-2024-006690,FL-2024-006690,DL,MSP,JFK,26,26,0,0.0,27.8,2024-02-18 08:51:48
BAG-FL-2024-006700,FL-2024-006700,DL,ORD,MIA,23,23,0,0.0,18.1,2024-02-24 12:23:54
BAG-FL-2024-006720,FL-2024-006720,UA,ORD,JFK,26,26,0,0.0,18.5,2024-03-25 16:42:36
BAG-FL-2024-006730,FL-2024-006730,B6,JFK,BWI,91,91,0,0.0,18.5,2024-02-02 13:45:12
BAG-FL-2024-006740,FL-2024-006740,AA,DEN,STL,41,41,0,0.0,23.6,2024-01-13 09:18:54
BAG-FL-2024-006750,FL-2024-006750,WN,DAL,CLT,67,67,0,0.0,15.0,2024-02-17 11:45:48
BAG-FL-2024-006760,FL-2024-006760,AA,DFW,BNA,74,74,0,0.0,19.3,2024-03-03 14:57:24
BAG-FL-2024-006770,FL-2024-006770,OO,SFO,JFK,59,59,0,0.0,17.4,2024-02-10 11:22:36
BAG-FL-2024-006780,FL-2024-006780,OO,STL,FLL,79,79,0,0.0,18.6,2024-03-22 11:24:24
BAG-FL-2024-006790,FL-2024-006790,DL,ATL,DAL,68,68,0,0.0,13.0,2024-02-15 11:06:54
BAG-FL-2024-006800,FL-2024-006800,UA,DFW,ORD,136,136,0,0.0,14.3,2024-03-03 12:55:24
BAG-FL-2024-006810,FL-2024-006810,WN,FLL,LAX,112,112,0,0.0,15.7,2024-03-27 12:43:24
BAG-FL-2024-006840,FL-2024-006840,NK,STL,JFK,81,81,0,0.0,19.4,2024-03-06 19:34:54
BAG-FL-2024-006850,FL-2024-006850,UA,ORD,DFW,117,117,0,0.0,18.1,2024-01-04 12:51:30
BAG-FL-2024-006860,FL-2024-006860,UA,SLC,DTW,128,128,0,0.0,15.4,2024-01-12 13:50:12
BAG-FL-2024-006870,FL-2024-006870,AA,JFK,SFO,27,27,0,0.0,17.1,2024-03-25 07:33:00
BAG-FL-2024-006880,FL-2024-006880,AA,DAL,SLC,54,54,0,0.0,21.2,2024-02-28 10:02:42
BAG-FL-2024-006890,FL-2024-006890,UA,ORD,PDX,21,21,0,0.0,19.2,2024-03-27 14:38:30
BAG-FL-2024-006900,FL-2024-006900,AA,DFW,BWI,131,131,0,0.0,17.5,2024-01-09 14:28:54
BAG-FL-2024-006910,FL-2024-006910,AA,DFW,IAH,49,49,0,0.0,13.9,2024-03-10 20:10:12
BAG-FL-2024-006920,FL-2024-006920,UA,ORD,DEN,68,68,0,0.0,17.8,2024-02-07 21:38:24
BAG-FL-2024-006930,FL-2024-006930,WN,DAL,HNL,89,89,0,0.0,18.4,2024-03-23 10:45:06
BAG-FL-2024-006940,FL-2024-006940,WN,SEA,MIA,112,112,0,0.0,19.8,2024-03-17 18:43:42
BAG-FL-2024-006950,FL-2024-006950,AA,SFO,HNL,52,52,0,0.0,16.6,2024-02-11 13:27:24
BAG-FL-2024-006960,FL-2024-006960,AA,DFW,BWI,80,80,0,0.0,22.2,2024-03-05 08:24:42
BAG-FL-2024-006970,FL-2024-006970,DL,LAX,IAD,56,56,0,0.0,21.3,2024-01-27 11:12:12
BAG-FL-2024-006980,FL-2024-006980,WN,DAL,TPA,135,135,0,0.0,17.7,2024-03-01 15:40:24
BAG-FL-2024-006990,FL-2024-006990,DL,MCO,DAL,57,57,0,0.0,9.4,2024-03-09 16:21:12
BAG-FL-2024-007000,FL-2024-007000,UA,ORD,DAL,23,23,0,0.0,17.0,2024-03-29 20:49:36
BAG-FL-2024-007010,FL-2024-007010,OO,SLC,ATL,58,56,2,3.45,21.8,2024-02-11 15:57:54
BAG-FL-2024-007020,FL-2024-007020,OO,SLC,TPA,74,74,0,0.0,16.4,2024-02-13 12:49:36
BAG-FL-2024-007030,FL-2024-007030,AA,IAD,BOS,46,46,0,0.0,18.5,2024-02-13 13:14:00
BAG-FL-2024-007040,FL-2024-007040,WN,DAL,AUS,39,39,0,0.0,17.7,2024-03-16 11:37:24
BAG-FL-2024-007050,FL-2024-007050,UA,ORD,ATL,38,36,2,5.26,16.8,2024-01-18 17:52:18
BAG-FL-2024-007060,FL-2024-007060,DL,ATL,AUS,65,65,0,0.0,15.1,2024-02-26 10:41:24
BAG-FL-2024-007070,FL-2024-007070,OO,SLC,STL,58,56,2,3.45,18.5,2024-01-09 10:40:06
BAG-FL-2024-007080,FL-2024-007080,DL,ATL,FLL,44,44,0,0.0,19.8,2024-01-26 15:11:36
BAG-FL-2024-007090,FL-2024-007090,WN,DAL,DTW,37,37,0,0.0,22.0,2024-02-08 19:53:00
BAG-FL-2024-007110,FL-2024-007110,DL,ATL,DAL,119,119,0,0.0,16.5,2024-03-23 11:23:00
BAG-FL-2024-007120,FL-2024-007120,DL,ATL,SFO,42,42,0,0.0,17.3,2024-02-11 14:10:00
BAG-FL-2024-007130,FL-2024-007130,F9,EWR,SAN,60,60,0,0.0,18.1,2024-02-04 08:26:18
BAG-FL-2024-007140,FL-2024-007140,F9,BWI,JFK,56,56,0,0.0,19.1,2024-03-30 08:25:42
BAG-FL-2024-007150,FL-2024-007150,WN,DAL,SEA,30,27,3,10.0,19.8,2024-03-30 16:43:18
BAG-FL-2024-007160,FL-2024-007160,UA,ORD,BWI,63,60,3,4.76,19.7,2024-02-02 15:48:00
BAG-FL-2024-007170,FL-2024-007170,F9,FLL,BNA,26,26,0,0.0,12.5,2024-03-26 06:02:06
BAG-FL-2024-007180,FL-2024-007180,OO,SLC,ORD,67,67,0,0.0,18.3,2024-03-08 10:23:18
BAG-FL-2024-007190,FL-2024-007190,UA,SFO,IAD,27,27,0,0.0,18.0,2024-02-08 08:07:42
BAG-FL-2024-007200,FL-2024-007200,HA,HNL,DEN,43,43,0,0.0,20.1,2024-03-17 12:01:48
BAG-FL-2024-007210,FL-2024-007210,AA,DFW,LAS,128,128,0,0.0,17.8,2024-02-24 12:40:54
BAG-FL-2024-007220,FL-2024-007220,DL,SEA,AUS,48,48,0,0.0,20.0,2024-01-28 16:38:00
BAG-FL-2024-007230,FL-2024-007230,DL,FLL,SFO,121,121,0,0.0,25.5,2024-02-02 17:07:30
BAG-FL-2024-007240,FL-2024-007240,DL,FLL,EWR,50,50,0,0.0,15.0,2024-01-09 14:47:48
BAG-FL-2024-007250,FL-2024-007250,OO,SLC,CLT,78,78,0,0.0,21.5,2024-02-09 18:46:54
BAG-FL-2024-007260,FL-2024-007260,AS,PDX,DAL,25,25,0,0.0,15.0,2024-03-05 18:00:30
BAG-FL-2024-007270,FL-2024-007270,F9,DEN,IAD,85,85,0,0.0,18.6,2024-01-28 19:25:42
BAG-FL-2024-007280,FL-2024-007280,AA,LAX,MSP,111,111,0,0.0,23.6,2024-01-30 15:02:48
BAG-FL-2024-007290,FL-2024-007290,WN,DAL,ATL,55,55,0,0.0,16.6,2024-01-26 16:48:48
BAG-FL-2024-007300,FL-2024-007300,DL,ATL,MDW,69,69,0,0.0,17.8,2024-01-11 13:19:42
BAG-FL-2024-007310,FL-2024-007310,B6,SAN,EWR,116,116,0,0.0,20.2,2024-01-07 15:10:12
BAG-FL-2024-007320,FL-2024-007320,UA,EWR,PDX,95,95,0,0.0,18.4,2024-02-18 10:59:18
BAG-FL-2024-007330,FL-2024-007330,DL,ATL,BNA,138,138,0,0.0,18.4,2024-01-18 12:19:30
BAG-FL-2024-007340,FL-2024-007340,NK,FLL,DTW,123,123,0,0.0,20.3,2024-01-03 10:52:42
BAG-FL-2024-007350,FL-2024-007350,B6,JFK,DTW,49,49,0,0.0,16.0,2024-01-20 17:54:36
BAG-FL-2024-007360,FL-2024-007360,WN,DAL,MCO,49,49,0,0.0,19.5,2024-01-21 14:28:24
BAG-FL-2024-007370,FL-2024-007370,OO,PHX,MIA,102,102,0,0.0,23.2,2024-01-11 11:30:48
BAG-FL-2024-007380,FL-2024-007380,AA,DFW,PDX,34,34,0,0.0,21.6,2024-01-13 15:37:36
BAG-FL-2024-007390,FL-2024-007390,UA,ORD,JFK,89,89,0,0.0,13.6,2024-02-01 12:03:36
BAG-FL-2024-007400,FL-2024-007400,DL,ATL,DEN,102,101,1,0.98,15.6,2024-02-08 13:43:18
BAG-FL-2024-007410,FL-2024-007410,UA,LAS,CLT,120,120,0,0.0,17.3,2024-01-26 08:14:54
BAG-FL-2024-007420,FL-2024-007420,AA,FLL,JFK,33,33,0,0.0,21.7,2024-01-05 16:28:36
BAG-FL-2024-007430,FL-2024-007430,DL,ATL,DEN,60,60,0,0.0,27.4,2024-02-26 14:39:30
BAG-FL-2024-007440,FL-2024-007440,UA,MDW,MIA,47,47,0,0.0,26.5,2024-02-03 08:50:42
BAG-FL-2024-007450,FL-2024-007450,AS,DTW,PHX,125,125,0,0.0,19.4,2024-01-05 15:46:24
BAG-FL-2024-007460,FL-2024-007460,OO,SLC,BWI,92,92,0,0.0,13.3,2024-03-17 17:22:06
BAG-FL-2024-007470,FL-2024-007470,DL,ATL,LAX,65,64,1,1.54,19.2,2024-03-26 14:01:24
BAG-FL-2024-007480,FL-2024-007480,DL,DAL,BNA,69,69,0,0.0,20.0,2024-01-17 07:33:36
BAG-FL-2024-007490,FL-2024-007490,DL,EWR,DFW,23,23,0,0.0,17.4,2024-01-04 13:41:24
BAG-FL-2024-007500,FL-2024-007500,B6,MDW,STL,50,48,2,4.0,16.4,2024-03-05 15:52:06
BAG-FL-2024-007510,FL-2024-007510,OO,SLC,IAD,120,120,0,0.0,18.6,2024-02-09 11:22:48
BAG-FL-2024-007520,FL-2024-007520,WN,DAL,MDW,43,43,0,0.0,17.8,2024-03-22 16:06:18
BAG-FL-2024-007530,FL-2024-007530,DL,IAD,DAL,73,73,0,0.0,15.9,2024-02-04 06:53:36
BAG-FL-2024-007540,FL-2024-007540,DL,BNA,ORD,43,43,0,0.0,16.1,2024-02-22 06:17:06
BAG-FL-2024-007550,FL-2024-007550,AA,DFW,SAN,42,42,0,0.0,19.3,2024-01-16 13:56:06
BAG-FL-2024-007560,FL-2024-007560,OO,SLC,BWI,134,134,0,0.0,17.1,2024-01-16 07:05:36
BAG-FL-2024-007570,FL-2024-007570,DL,STL,FLL,22,22,0,0.0,13.1,2024-02-06 22:20:24
BAG-FL-2024-007580,FL-2024-007580,DL,ATL,CLT,43,43,0,0.0,14.4,2024-01-15 15:15:12
BAG-FL-2024-007590,FL-2024-007590,AA,SAN,STL,130,130,0,0.0,18.8,2024-01-22 17:28:18
BAG-FL-2024-007600,FL-2024-007600,AA,DFW,ATL,41,38,3,7.32,19.3,2024-02-29 18:15:48
BAG-FL-2024-007610,FL-2024-007610,DL,ORD,FLL,102,102,0,0.0,19.9,2024-02-26 08:41:48
BAG-FL-2024-007620,FL-2024-007620,AA,PDX,LAX,25,25,0,0.0,17.7,2024-01-13 09:39:06
BAG-FL-2024-007630,FL-2024-007630,UA,ORD,MCO,125,125,0,0.0,18.1,2024-01-21 10:14:48
BAG-FL-2024-007640,FL-2024-007640,WN,MIA,SLC,103,103,0,0.0,22.4,2024-02-01 16:53:06
BAG-FL-2024-007650,FL-2024-007650,WN,DEN,EWR,80,79,1,1.25,22.2,2024-02-29 14:26:12
BAG-FL-2024-007660,FL-2024-007660,UA,ORD,MSP,42,42,0,0.0,16.0,2024-03-15 13:03:36
BAG-FL-2024-007670,FL-2024-007670,WN,DAL,IAD,45,45,0,0.0,20.4,2024-03-12 12:35:54
BAG-FL-2024-007680,FL-2024-007680,AA,BNA,DFW,119,119,0,0.0,19.7,2024-03-15 13:11:12
BAG-FL-2024-007690,FL-2024-007690,DL,ATL,SEA,64,64,0,0.0,24.2,2024-03-01 15:20:54
BAG-FL-2024-007700,FL-2024-007700,UA,FLL,IAD,30,30,0,0.0,16.2,2024-01-19 17:42:18
BAG-FL-2024-007710,FL-2024-007710,WN,DAL,BOS,112,110,2,1.79,17.5,2024-01-15 20:59:36
BAG-FL-2024-007720,FL-2024-007720,DL,ATL,TPA,81,81,0,0.0,19.5,2024-03-24 16:41:24
BAG-FL-2024-007730,FL-2024-007730,AA,MIA,CLT,105,105,0,0.0,17.7,2024-01-30 08:01:18
BAG-FL-2024-007740,FL-2024-007740,AA,BOS,ATL,33,33,0,0.0,19.9,2024-02-29 15:29:12
BAG-FL-2024-007750,FL-2024-007750,NK,FLL,TPA,52,52,0,0.0,20.4,2024-02-17 10:14:54
BAG-FL-2024-007760,FL-2024-007760,WN,DAL,HNL,37,34,3,8.11,14.8,2024-02-04 09:12:54
BAG-FL-2024-007770,FL-2024-007770,WN,BOS,EWR,67,67,0,0.0,13.7,2024-03-03 12:27:54
BAG-FL-2024-007780,FL-2024-007780,DL,EWR,BNA,116,116,0,0.0,20.4,2024-03-12 11:03:42
BAG-FL-2024-007790,FL-2024-007790,DL,ATL,SFO,76,76,0,0.0,20.0,2024-01-15 15:51:00
BAG-FL-2024-007800,FL-2024-007800,AA,SFO,MCO,49,49,0,0.0,17.3,2024-02-14 11:34:42
BAG-FL-2024-007810,FL-2024-007810,UA,TPA,MCO,104,104,0,0.0,19.3,2024-01-19 09:27:00
BAG-FL-2024-007820,FL-2024-007820,AA,DEN,SFO,136,136,0,0.0,19.4,2024-03-01 19:30:36
BAG-FL-2024-007830,FL-2024-007830,AA,CLT,IAD,84,84,0,0.0,14.5,2024-03-10 10:12:36
BAG-FL-2024-007840,FL-2024-007840,AS,MIA,DFW,74,74,0,0.0,12.0,2024-01-18 06:22:24
BAG-FL-2024-007850,FL-2024-007850,DL,ATL,SAN,78,75,3,3.85,17.4,2024-03-11 18:38:42
BAG-FL-2024-007870,FL-2024-007870,WN,ATL,MIA,112,112,0,0.0,21.3,2024-01-22 17:06:24
BAG-FL-2024-007880,FL-2024-007880,DL,ATL,ORD,120,118,2,1.67,21.2,2024-01-17 23:26:48
BAG-FL-2024-007890,FL-2024-007890,B6,BOS,STL,39,38,1,2.56,16.0,2024-02-26 19:31:48
BAG-FL-2024-007900,FL-2024-007900,UA,ORD,LAX,56,56,0,0.0,21.1,2024-02-28 13:18:06
BAG-FL-2024-007910,FL-2024-007910,OO,SLC,TPA,99,96,3,3.03,15.1,2024-01-29 08:26:30
BAG-FL-2024-007920,FL-2024-007920,WN,DAL,TPA,86,86,0,0.0,17.6,2024-03-23 08:18:18
BAG-FL-2024-007930,FL-2024-007930,AA,BNA,BWI,131,131,0,0.0,20.8,2024-03-10 19:52:06
BAG-FL-2024-007940,FL-2024-007940,AA,SAN,MIA,26,26,0,0.0,20.1,2024-02-19 10:27:30
BAG-FL-2024-007950,FL-2024-007950,NK,PDX,DFW,94,94,0,0.0,18.0,2024-01-14 12:24:00
BAG-FL-2024-007960,FL-2024-007960,WN,DAL,MCO,93,93,0,0.0,14.2,2024-02-14 13:25:30
BAG-FL-2024-007970,FL-2024-007970,AA,BNA,DEN,84,84,0,0.0,15.5,2024-02-20 08:55:54
BAG-FL-2024-007980,FL-2024-007980,UA,ORD,LAS,68,68,0,0.0,17.1,2024-03-02 15:52:06
BAG-FL-2024-007990,FL-2024-007990,AA,LAX,EWR,45,45,0,0.0,24.1,2024-01-06 19:29:30
BAG-FL-2024-008000,FL-2024-008000,AA,DFW,TPA,36,36,0,0.0,16.0,2024-03-30 22:05:48
BAG-FL-2024-008010,FL-2024-008010,WN,DAL,MCO,45,45,0,0.0,23.4,2024-02-19 20:47:54
BAG-FL-2024-008020,FL-2024-008020,AS,SEA,DEN,40,40,0,0.0,17.1,2024-01-27 13:21:18
BAG-FL-2024-008040,FL-2024-008040,UA,ORD,MDW,106,106,0,0.0,18.7,2024-03-23 20:22:42
BAG-FL-2024-008050,FL-2024-008050,WN,DAL,TPA,85,85,0,0.0,19.5,2024-03-04 08:01:00
BAG-FL-2024-008060,FL-2024-008060,WN,DTW,MSP,137,137,0,0.0,19.1,2024-01-31 12:46:48
BAG-FL-2024-008070,FL-2024-008070,AA,DFW,SEA,47,47,0,0.0,19.8,2024-03-30 21:14:48
BAG-FL-2024-008080,FL-2024-008080,DL,DFW,BNA,24,24,0,0.0,16.4,2024-01-04 10:31:42
BAG-FL-2024-008090,FL-2024-008090,AS,SAN,DEN,41,41,0,0.0,20.6,2024-02-06 06:48:42
BAG-FL-2024-008100,FL-2024-008100,WN,LAS,EWR,94,94,0,0.0,17.5,2024-01-18 13:24:12
BAG-FL-2024-008110,FL-2024-008110,WN,DAL,EWR,106,106,0,0.0,21.9,2024-02-26 14:13:12
BAG-FL-2024-008120,FL-2024-008120,UA,CLT,EWR,94,94,0,0.0,14.2,2024-01-03 19:21:30
BAG-FL-2024-008130,FL-2024-008130,OO,SLC,ORD,109,109,0,0.0,14.9,2024-02-26 11:43:30
BAG-FL-2024-008150,FL-2024-008150,DL,ATL,JFK,62,62,0,0.0,19.4,2024-03-27 14:37:42
BAG-FL-2024-008160,FL-2024-008160,DL,ATL,CLT,82,82,0,0.0,17.1,2024-03-12 09:30:30
BAG-FL-2024-008170,FL-2024-008170,DL,ATL,LAX,29,29,0,0.0,21.1,2024-02-11 20:48:30
BAG-FL-2024-008180,FL-2024-008180,B6,JFK,DTW,27,27,0,0.0,19.3,2024-03-12 11:13:36
BAG-FL-2024-008190,FL-2024-008190,AA,DFW,EWR,20,20,0,0.0,20.2,2024-02-04 17:44:54
BAG-FL-2024-008200,FL-2024-008200,AA,DFW,DAL,66,66,0,0.0,23.8,2024-03-21 11:47:18
BAG-FL-2024-008210,FL-2024-008210,UA,AUS,DFW,59,59,0,0.0,13.8,2024-03-22 06:16:24
BAG-FL-2024-008220,FL-2024-008220,AS,SEA,MDW,104,104,0,0.0,16.7,2024-03-27 13:14:48
BAG-FL-2024-008230,FL-2024-008230,UA,CLT,SFO,82,82,0,0.0,18.2,2024-03-07 19:49:12
BAG-FL-2024-008240,FL-2024-008240,NK,BWI,DTW,122,122,0,0.0,20.2,2024-02-27 13:58:00
BAG-FL-2024-008250,FL-2024-008250,WN,DAL,AUS,21,18,3,14.29,13.3,2024-02-21 18:07:00
BAG-FL-2024-008260,FL-2024-008260,F9,DTW,PDX,56,56,0,0.0,20.6,2024-02-01 18:31:24
BAG-FL-2024-008270,FL-2024-008270,DL,ATL,TPA,81,81,0,0.0,20.1,2024-03-19 15:28:00
BAG-FL-2024-008280,FL-2024-008280,OO,SFO,IAH,74,74,0,0.0,17.7,2024-01-27 13:20:12
BAG-FL-2024-008290,FL-2024-008290,DL,ATL,HNL,117,117,0,0.0,21.2,2024-02-24 22:06:06
BAG-FL-2024-008300,FL-2024-008300,OO,SLC,STL,27,27,0,0.0,15.6,2024-02-03 17:45:00
BAG-FL-2024-008310,FL-2024-008310,UA,LAX,PDX,44,44,0,0.0,20.8,2024-01-15 08:55:30
BAG-FL-2024-008320,FL-2024-008320,HA,ATL,BOS,58,56,2,3.45,19.9,2024-03-21 17:43:18
BAG-FL-2024-008330,FL-2024-008330,UA,MSP,HNL,26,26,0,0.0,19.7,2024-03-13 22:26:06
BAG-FL-2024-008340,FL-2024-008340,F9,DEN,EWR,73,73,0,0.0,17.7,2024-01-02 12:55:06
BAG-FL-2024-008350,FL-2024-008350,UA,AUS,BWI,59,59,0,0.0,22.6,2024-02-11 13:58:24
BAG-FL-2024-008360,FL-2024-008360,B6,FLL,PHX,38,38,0,0.0,15.9,2024-03-16 16:13:12
BAG-FL-2024-008370,FL-2024-008370,UA,MCO,HNL,59,59,0,0.0,20.5,2024-01-27 11:33:42
BAG-FL-2024-008380,FL-2024-008380,UA,CLT,TPA,94,94,0,0.0,21.2,2024-01-05 08:13:18
BAG-FL-2024-008390,FL-2024-008390,OO,SLC,HNL,73,73,0,0.0,20.9,2024-03-09 11:44:48
BAG-FL-2024-008400,FL-2024-008400,WN,TPA,SLC,138,135,3,2.17,21.6,2024-02-29 17:12:24
BAG-FL-2024-008410,FL-2024-008410,OO,SLC,ATL,85,85,0,0.0,22.3,2024-03-27 10:56:30
BAG-FL-2024-008420,FL-2024-008420,AA,SAN,JFK,21,21,0,0.0,12.9,2024-02-25 09:29:30
BAG-FL-2024-008430,FL-2024-008430,UA,HNL,TPA,55,55,0,0.0,18.9,2024-01-04 14:01:30
BAG-FL-2024-008440,FL-2024-008440,UA,CLT,MSP,29,29,0,0.0,20.9,2024-02-04 14:25:48
BAG-FL-2024-008450,FL-2024-008450,B6,JFK,ATL,22,22,0,0.0,17.5,2024-03-06 14:49:54
BAG-FL-2024-008460,FL-2024-008460,AA,ORD,BNA,50,50,0,0.0,16.3,2024-03-17 08:22:18
BAG-FL-2024-008470,FL-2024-008470,NK,FLL,MCO,125,125,0,0.0,23.6,2024-03-14 17:13:42
BAG-FL-2024-008480,FL-2024-008480,AA,FLL,CLT,118,118,0,0.0,18.8,2024-02-29 14:33:24
BAG-FL-2024-008490,FL-2024-008490,UA,DFW,HNL,93,93,0,0.0,14.9,2024-03-15 18:00:48
BAG-FL-2024-008500,FL-2024-008500,AA,JFK,MDW,73,73,0,0.0,17.7,2024-03-04 17:11:30
BAG-FL-2024-008510,FL-2024-008510,AS,SEA,AUS,45,45,0,0.0,17.3,2024-03-15 18:21:30
BAG-FL-2024-008520,FL-2024-008520,AS,SEA,ATL,67,67,0,0.0,18.8,2024-01-22 08:17:42
BAG-FL-2024-008530,FL-2024-008530,OO,PHX,CLT,111,111,0,0.0,20.8,2024-01-04 07:39:06
BAG-FL-2024-008540,FL-2024-008540,B6,JFK,IAH,46,43,3,6.52,17.0,2024-02-03 15:51:18
BAG-FL-2024-008550,FL-2024-008550,UA,ORD,PDX,134,134,0,0.0,20.2,2024-02-08 14:14:00
BAG-FL-2024-008560,FL-2024-008560,OO,SLC,MDW,27,27,0,0.0,16.7,2024-02-20 15:14:48
BAG-FL-2024-008570,FL-2024-008570,B6,JFK,ATL,21,21,0,0.0,23.6,2024-03-27 15:17:24
BAG-FL-2024-008580,FL-2024-008580,NK,FLL,ATL,124,124,0,0.0,14.9,2024-01-02 11:01:36
BAG-FL-2024-008590,FL-2024-008590,WN,DAL,EWR,26,26,0,0.0,21.3,2024-01-23 14:10:24
BAG-FL-2024-008600,FL-2024-008600,OO,SLC,MIA,102,102,0,0.0,18.7,2024-02-25 14:10:12
BAG-FL-2024-008610,FL-2024-008610,UA,DAL,PHX,41,40,1,2.44,21.2,2024-02-06 18:46:30
BAG-FL-2024-008620,FL-2024-008620,DL,DTW,CLT,101,98,3,2.97,11.6,2024-03-30 12:33:48
BAG-FL-2024-008630,FL-2024-008630,OO,MIA,AUS,33,33,0,0.0,18.6,2024-03-03 15:19:42
BAG-FL-2024-008640,FL-2024-008640,WN,DAL,DFW,25,25,0,0.0,17.3,2024-03-19 13:48:30
BAG-FL-2024-008650,FL-2024-008650,UA,PDX,AUS,66,66,0,0.0,19.6,2024-01-13 14:58:48
BAG-FL-2024-008660,FL-2024-008660,AS,SEA,LAX,42,42,0,0.0,17.7,2024-03-01 20:24:00
BAG-FL-2024-008670,FL-2024-008670,OO,SLC,MCO,24,24,0,0.0,22.8,2024-02-26 17:47:18
BAG-FL-2024-008680,FL-2024-008680,WN,DAL,BNA,140,137,3,2.14,17.9,2024-02-28 16:56:06
BAG-FL-2024-008690,FL-2024-008690,WN,ORD,BNA,50,50,0,0.0,17.5,2024-01-23 14:22:42
BAG-FL-2024-008700,FL-2024-008700,B6,SEA,TPA,73,73,0,0.0,18.4,2024-02-24 16:11:48
BAG-FL-2024-008710,FL-2024-008710,WN,ATL,BOS,28,25,3,10.71,15.3,2024-02-25 19:53:54
BAG-FL-2024-008720,FL-2024-008720,AS,SEA,EWR,35,35,0,0.0,19.5,2024-01-08 18:49:30
BAG-FL-2024-008730,FL-2024-008730,NK,FLL,HNL,103,103,0,0.0,19.4,2024-01-27 16:32:42
BAG-FL-2024-008740,FL-2024-008740,DL,ATL,LAS,54,54,0,0.0,14.6,2024-02-07 10:00:00
BAG-FL-2024-008750,FL-2024-008750,DL,ATL,BOS,66,66,0,0.0,18.2,2024-01-19 11:39:24
BAG-FL-2024-008760,FL-2024-008760,AA,HNL,IAH,31,31,0,0.0,21.5,2024-01-03 09:04:48
BAG-FL-2024-008770,FL-2024-008770,UA,MSP,EWR,98,98,0,0.0,17.6,2024-01-20 15:03:36
BAG-FL-2024-008780,FL-2024-008780,DL,BOS,PDX,95,95,0,0.0,11.6,2024-03-09 13:02:00
BAG-FL-2024-008790,FL-2024-008790,AA,PHX,EWR,22,22,0,0.0,16.4,2024-03-02 12:47:42
BAG-FL-2024-008800,FL-2024-008800,WN,DAL,BOS,130,130,0,0.0,24.0,2024-01-31 06:21:36
BAG-FL-2024-008810,FL-2024-008810,WN,DAL,PDX,37,37,0,0.0,15.7,2024-02-17 15:10:12
BAG-FL-2024-008820,FL-2024-008820,AA,IAD,ATL,77,77,0,0.0,19.2,2024-01-10 13:28:30
BAG-FL-2024-008830,FL-2024-008830,AS,SEA,BWI,24,24,0,0.0,18.6,2024-01-26 09:52:18
BAG-FL-2024-008840,FL-2024-008840,AS,SEA,ORD,24,24,0,0.0,22.5,2024-02-19 10:46:18
BAG-FL-2024-008850,FL-2024-008850,WN,DAL,TPA,58,58,0,0.0,19.3,2024-01-25 19:18:18
BAG-FL-2024-008860,FL-2024-008860,WN,STL,LAS,85,85,0,0.0,18.6,2024-03-25 17:00:12
BAG-FL-2024-008870,FL-2024-008870,UA,SLC,ATL,48,48,0,0.0,17.9,2024-01-09 15:05:06
BAG-FL-2024-008880,FL-2024-008880,UA,ORD,DFW,119,117,2,1.68,16.4,2024-02-29 18:46:48
BAG-FL-2024-008890,FL-2024-008890,UA,ORD,IAD,27,27,0,0.0,16.4,2024-03-16 13:13:00
BAG-FL-2024-008900,FL-2024-008900,OO,LAX,PDX,57,57,0,0.0,17.6,2024-03-02 15:04:42
BAG-FL-2024-008910,FL-2024-008910,AS,SEA,CLT,71,71,0,0.0,15.1,2024-01-10 20:29:06
BAG-FL-2024-008920,FL-2024-008920,AA,ORD,BOS,36,36,0,0.0,24.0,2024-01-23 16:46:18
BAG-FL-2024-008930,FL-2024-008930,UA,ORD,MDW,138,138,0,0.0,18.6,2024-03-28 16:08:00
BAG-FL-2024-008940,FL-2024-008940,DL,ATL,DAL,57,57,0,0.0,21.6,2024-03-19 13:28:48
BAG-FL-2024-008950,FL-2024-008950,WN,DAL,DTW,77,77,0,0.0,17.2,2024-02-13 08:41:48
BAG-FL-2024-008960,FL-2024-008960,F9,LAS,SFO,63,63,0,0.0,17.7,2024-01-24 09:54:24
BAG-FL-2024-008970,FL-2024-008970,DL,ATL,STL,137,137,0,0.0,21.0,2024-02-20 13:36:12
BAG-FL-2024-008980,FL-2024-008980,WN,STL,ORD,87,87,0,0.0,16.5,2024-03-04 06:42:18
BAG-FL-2024-008990,FL-2024-008990,WN,BNA,STL,89,86,3,3.37,20.8,2024-01-09 08:14:24
BAG-FL-2024-009000,FL-2024-009000,WN,DAL,MSP,50,50,0,0.0,21.2,2024-02-01 16:10:18
BAG-FL-2024-009010,FL-2024-009010,NK,FLL,EWR,67,67,0,0.0,22.3,2024-01-01 13:09:12
BAG-FL-2024-009020,FL-2024-009020,WN,TPA,HNL,31,31,0,0.0,18.1,2024-02-04 12:48:54
BAG-FL-2024-009030,FL-2024-009030,AA,IAD,SAN,28,28,0,0.0,20.8,2024-02-18 08:41:30
BAG-FL-2024-009040,FL-2024-009040,AA,DFW,LAS,34,34,0,0.0,23.5,2024-03-16 13:59:00
BAG-FL-2024-009050,FL-2024-009050,UA,MSP,IAH,22,22,0,0.0,11.8,2024-01-17 13:03:30
BAG-FL-2024-009060,FL-2024-009060,DL,ORD,MIA,128,128,0,0.0,18.7,2024-02-14 07:57:12
BAG-FL-2024-009070,FL-2024-009070,UA,ORD,SAN,128,128,0,0.0,24.0,2024-02-10 15:47:12
BAG-FL-2024-009080,FL-2024-009080,WN,LAS,SAN,82,82,0,0.0,20.5,2024-01-14 17:45:00
BAG-FL-2024-009090,FL-2024-009090,AA,DFW,SAN,125,123,2,1.6,18.7,2024-02-27 10:09:48
BAG-FL-2024-009100,FL-2024-009100,WN,DAL,EWR,34,34,0,0.0,18.7,2024-03-24 15:33:00
BAG-FL-2024-009110,FL-2024-009110,WN,DAL,TPA,79,79,0,0.0,21.5,2024-03-08 11:45:42
BAG-FL-2024-009120,FL-2024-009120,AS,SEA,LAS,77,77,0,0.0,18.3,2024-01-31 10:59:24
BAG-FL-2024-009130,FL-2024-009130,UA,ORD,JFK,53,53,0,0.0,12.9,2024-02-01 16:30:36
BAG-FL-2024-009140,FL-2024-009140,WN,DAL,ATL,110,109,1,0.91,19.9,2024-01-11 09:49:00
BAG-FL-2024-009150,FL-2024-009150,WN,JFK,IAH,82,82,0,0.0,22.0,2024-02-06 11:34:12
BAG-FL-2024-009160,FL-2024-009160,DL,ATL,DTW,72,69,3,4.17,21.6,2024-01-23 10:51:48
BAG-FL-2024-009170,FL-2024-009170,OO,SLC,DTW,112,112,0,0.0,15.1,2024-03-21 19:19:36
BAG-FL-2024-009180,FL-2024-009180,AA,DFW,JFK,51,51,0,0.0,18.4,2024-03-10 15:36:06
BAG-FL-2024-009190,FL-2024-009190,AA,DFW,TPA,26,26,0,0.0,19.5,2024-02-27 15:10:24
BAG-FL-2024-009200,FL-2024-009200,NK,FLL,BWI,80,80,0,0.0,20.5,2024-01-03 19:52:06
BAG-FL-2024-009210,FL-2024-009210,UA,ATL,CLT,36,36,0,0.0,17.2,2024-02-21 13:08:06
BAG-FL-2024-009220,FL-2024-009220,DL,JFK,MCO,84,84,0,0.0,20.9,2024-02-17 12:50:54
BAG-FL-2024-009230,FL-2024-009230,AA,PDX,FLL,74,74,0,0.0,20.3,2024-01-13 11:14:00
BAG-FL-2024-009240,FL-2024-009240,UA,FLL,AUS,73,73,0,0.0,22.8,2024-02-01 14:22:48
BAG-FL-2024-009250,FL-2024-009250,AA,JFK,AUS,121,121,0,0.0,22.7,2024-03-10 08:54:36
BAG-FL-2024-009260,FL-2024-009260,NK,FLL,HNL,54,51,3,5.56,19.1,2024-02-07 12:05:06
BAG-FL-2024-009270,FL-2024-009270,OO,SLC,PDX,88,88,0,0.0,20.2,2024-02-06 12:44:24
BAG-FL-2024-009280,FL-2024-009280,UA,FLL,SAN,71,71,0,0.0,20.1,2024-01-20 19:47:36
BAG-FL-2024-009290,FL-2024-009290,AA,DFW,FLL,25,25,0,0.0,18.4,2024-01-27 18:17:00
BAG-FL-2024-009300,FL-2024-009300,DL,ATL,PDX,137,137,0,0.0,20.6,2024-02-03 12:24:00
BAG-FL-2024-009310,FL-2024-009310,B6,JFK,MIA,44,44,0,0.0,19.3,2024-02-19 22:36:30
BAG-FL-2024-009320,FL-2024-009320,WN,DAL,TPA,132,132,0,0.0,18.5,2024-01-03 14:06:12
BAG-FL-2024-009330,FL-2024-009330,DL,ATL,IAH,112,110,2,1.79,21.8,2024-02-08 17:12:06
BAG-FL-2024-009340,FL-2024-009340,AS,SEA,SAN,107,107,0,0.0,17.3,2024-01-03 13:45:48
BAG-FL-2024-009350,FL-2024-009350,AA,DFW,JFK,77,77,0,0.0,17.4,2024-03-04 17:03:54
BAG-FL-2024-009360,FL-2024-009360,DL,ATL,AUS,60,60,0,0.0,17.9,2024-01-17 16:54:06
BAG-FL-2024-009370,FL-2024-009370,OO,STL,BOS,77,77,0,0.0,18.8,2024-03-20 06:18:00
BAG-FL-2024-009380,FL-2024-009380,NK,FLL,DAL,74,74,0,0.0,17.1,2024-03-23 16:36:36
BAG-FL-2024-009390,FL-2024-009390,WN,BNA,MDW,51,51,0,0.0,17.8,2024-02-14 05:55:54
BAG-FL-2024-009400,FL-2024-009400,DL,SEA,BOS,37,37,0,0.0,14.0,2024-01-14 16:30:06
BAG-FL-2024-009410,FL-2024-009410,UA,IAD,MCO,86,86,0,0.0,17.5,2024-01-31 09:11:30
BAG-FL-2024-009420,FL-2024-009420,AA,DFW,EWR,24,24,0,0.0,17.3,2024-03-04 16:07:30
BAG-FL-2024-009430,FL-2024-009430,OO,SLC,FLL,21,18,3,14.29,17.0,2024-03-30 13:54:12
BAG-FL-2024-009440,FL-2024-009440,AA,DFW,AUS,35,35,0,0.0,21.9,2024-02-17 12:22:42
BAG-FL-2024-009450,FL-2024-009450,DL,ATL,MCO,102,102,0,0.0,20.4,2024-01-27 08:03:06
BAG-FL-2024-009470,FL-2024-009470,OO,BWI,SLC,39,39,0,0.0,16.5,2024-01-01 12:09:48
BAG-FL-2024-009480,FL-2024-009480,F9,DEN,FLL,71,71,0,0.0,15.2,2024-02-15 14:05:42
BAG-FL-2024-009490,FL-2024-009490,NK,PDX,LAS,113,113,0,0.0,16.0,2024-02-01 11:19:54
BAG-FL-2024-009500,FL-2024-009500,AA,SAN,DTW,126,126,0,0.0,22.3,2024-01-18 13:32:00
BAG-FL-2024-009510,FL-2024-009510,AS,SEA,MDW,119,119,0,0.0,18.0,2024-01-28 12:19:18
BAG-FL-2024-009520,FL-2024-009520,WN,DFW,STL,111,111,0,0.0,20.0,2024-01-09 09:26:48
BAG-FL-2024-009530,FL-2024-009530,B6,BWI,BNA,94,94,0,0.0,21.9,2024-02-18 13:23:42
BAG-FL-2024-009540,FL-2024-009540,UA,PHX,LAS,128,128,0,0.0,19.5,2024-01-25 17:16:42
BAG-FL-2024-009550,FL-2024-009550,AS,IAD,DEN,103,103,0,0.0,18.0,2024-02-20 16:38:36
BAG-FL-2024-009560,FL-2024-009560,DL,CLT,BWI,72,72,0,0.0,20.4,2024-01-13 22:22:24
BAG-FL-2024-009570,FL-2024-009570,AA,BNA,SEA,65,65,0,0.0,16.6,2024-01-25 07:25:48
BAG-FL-2024-009580,FL-2024-009580,OO,ATL,SEA,36,36,0,0.0,22.6,2024-02-18 10:25:42
BAG-FL-2024-009590,FL-2024-009590,UA,TPA,HNL,88,88,0,0.0,19.1,2024-03-27 11:56:06
BAG-FL-2024-009600,FL-2024-009600,AA,MCO,PHX,137,137,0,0.0,18.5,2024-02-18 22:37:48
BAG-FL-2024-009610,FL-2024-009610,AA,HNL,DAL,131,131,0,0.0,16.4,2024-01-15 11:53:30
BAG-FL-2024-009630,FL-2024-009630,OO,SLC,MIA,62,62,0,0.0,21.2,2024-01-01 17:16:06
BAG-FL-2024-009640,FL-2024-009640,AA,MIA,MCO,98,98,0,0.0,24.0,2024-01-20 15:56:06
BAG-FL-2024-009650,FL-2024-009650,DL,TPA,MDW,56,55,1,1.79,18.4,2024-01-26 18:01:06
BAG-FL-2024-009660,FL-2024-009660,UA,IAH,DEN,60,60,0,0.0,18.3,2024-03-25 15:00:06
BAG-FL-2024-009670,FL-2024-009670,DL,ATL,ORD,125,125,0,0.0,18.1,2024-02-11 09:01:30
BAG-FL-2024-009680,FL-2024-009680,DL,MCO,SEA,76,74,2,2.63,20.5,2024-03-26 22:34:54
BAG-FL-2024-009690,FL-2024-009690,UA,LAX,SLC,131,131,0,0.0,20.3,2024-03-23 17:33:12
BAG-FL-2024-009700,FL-2024-009700,UA,IAH,IAD,31,31,0,0.0,16.7,2024-02-07 20:26:18
BAG-FL-2024-009710,FL-2024-009710,WN,AUS,IAD,133,133,0,0.0,20.5,2024-03-27 08:50:42
BAG-FL-2024-009720,FL-2024-009720,AA,SEA,DAL,124,124,0,0.0,19.9,2024-01-10 09:08:48
BAG-FL-2024-009730,FL-2024-009730,UA,ORD,IAH,53,53,0,0.0,18.7,2024-01-22 14:27:36
BAG-FL-2024-009740,FL-2024-009740,DL,CLT,ATL,140,140,0,0.0,17.2,2024-01-31 07:38:48
BAG-FL-2024-009750,FL-2024-009750,DL,ATL,CLT,35,35,0,0.0,21.7,2024-02-08 13:20:36
BAG-FL-2024-009760,FL-2024-009760,UA,LAS,TPA,31,31,0,0.0,24.6,2024-03-01 10:10:42
BAG-FL-2024-009770,FL-2024-009770,UA,ORD,DAL,48,48,0,0.0,20.6,2024-01-28 11:43:42
BAG-FL-2024-009780,FL-2024-009780,DL,ATL,CLT,22,22,0,0.0,15.3,2024-02-21 13:38:06
BAG-FL-2024-009790,FL-2024-009790,AS,DFW,PDX,65,65,0,0.0,18.1,2024-01-08 17:36:12
BAG-FL-2024-009800,FL-2024-009800,B6,JFK,DTW,59,59,0,0.0,21.2,2024-01-10 21:04:36
BAG-FL-2024-009810,FL-2024-009810,B6,JFK,MIA,105,105,0,0.0,19.8,2024-03-11 19:53:42
BAG-FL-2024-009820,FL-2024-009820,DL,DFW,BNA,83,80,3,3.61,18.3,2024-03-26 07:05:24
BAG-FL-2024-009830,FL-2024-009830,F9,DEN,SFO,68,68,0,0.0,12.9,2024-02-16 13:06:12
BAG-FL-2024-009840,FL-2024-009840,DL,ATL,MIA,127,127,0,0.0,20.1,2024-01-23 06:08:36
BAG-FL-2024-009850,FL-2024-009850,AA,TPA,MSP,90,88,2,2.22,18.9,2024-03-18 10:29:42
BAG-FL-2024-009860,FL-2024-009860,HA,MCO,DTW,69,69,0,0.0,19.3,2024-02-08 13:08:00
BAG-FL-2024-009870,FL-2024-009870,OO,MSP,DEN,117,116,1,0.85,13.2,2024-01-02 15:47:48
BAG-FL-2024-009880,FL-2024-009880,UA,TPA,MCO,102,102,0,0.0,21.8,2024-03-28 20:56:48
BAG-FL-2024-009890,FL-2024-009890,DL,IAD,DEN,54,52,2,3.7,19.2,2024-03-11 11:39:30
BAG-FL-2024-009900,FL-2024-009900,UA,MIA,BOS,84,82,2,2.38,20.9,2024-03-26 19:28:18
BAG-FL-2024-009910,FL-2024-009910,F9,DEN,STL,120,117,3,2.5,22.3,2024-01-15 07:05:54
BAG-FL-2024-009920,FL-2024-009920,DL,ATL,SFO,95,95,0,0.0,19.8,2024-03-22 06:07:18
BAG-FL-2024-009930,FL-2024-009930,UA,ORD,BNA,117,115,2,1.71,20.7,2024-03-25 13:34:24
BAG-FL-2024-009940,FL-2024-009940,DL,ATL,LAS,21,21,0,0.0,17.9,2024-01-19 15:25:36
BAG-FL-2024-009950,FL-2024-009950,DL,ATL,PDX,37,37,0,0.0,20.3,2024-01-28 10:50:42
BAG-FL-2024-009960,FL-2024-009960,AA,DFW,PHX,26,26,0,0.0,21.8,2024-01-28 12:01:48
BAG-FL-2024-009970,FL-2024-009970,B6,JFK,BWI,40,40,0,0.0,16.2,2024-03-13 21:20:48
BAG-FL-2024-009980,FL-2024-009980,AS,EWR,DFW,37,37,0,0.0,19.8,2024-02-18 12:18:06
BAG-FL-2024-009990,FL-2024-009990,UA,SEA,EWR,52,52,0,0.0,19.0,2024-02-12 11:52:54
BAG-FL-2024-010000,FL-2024-010000,DL,ATL,DEN,64,61,3,4.69,24.1,2024-01-12 13:13:00
BAG-FL-2024-010010,FL-2024-010010,DL,ATL,PHX,129,129,0,0.0,15.0,2024-02-03 17:20:00
BAG-FL-2024-010020,FL-2024-010020,AA,LAX,MDW,131,131,0,0.0,20.1,2024-03-21 11:55:36
BAG-FL-2024-010030,FL-2024-010030,WN,DAL,MDW,20,20,0,0.0,15.6,2024-01-26 10:54:06
BAG-FL-2024-010040,FL-2024-010040,UA,ORD,FLL,113,113,0,0.0,18.5,2024-01-01 19:25:24
BAG-FL-2024-010050,FL-2024-010050,DL,BWI,IAH,55,55,0,0.0,19.5,2024-03-29 12:56:18
BAG-FL-2024-010060,FL-2024-010060,DL,IAD,DEN,127,125,2,1.57,20.0,2024-03-02 11:59:24
BAG-FL-2024-010070,FL-2024-010070,AA,DFW,SEA,77,77,0,0.0,18.7,2024-02-27 13:08:48
BAG-FL-2024-010080,FL-2024-010080,AA,AUS,HNL,122,122,0,0.0,18.1,2024-02-05 18:09:06
BAG-FL-2024-010090,FL-2024-010090,OO,STL,JFK,79,79,0,0.0,15.5,2024-02-22 20:29:36
BAG-FL-2024-010100,FL-2024-010100,DL,STL,EWR,41,41,0,0.0,17.8,2024-03-25 16:33:12
BAG-FL-2024-010110,FL-2024-010110,UA,MSP,MCO,94,94,0,0.0,17.5,2024-03-20 12:55:48
BAG-FL-2024-010120,FL-2024-010120,WN,DAL,EWR,50,50,0,0.0,21.3,2024-01-22 13:40:18
BAG-FL-2024-010130,FL-2024-010130,AA,DFW,ATL,93,91,2,2.15,22.4,2024-01-31 17:00:06
BAG-FL-2024-010140,FL-2024-010140,DL,ATL,LAS,53,53,0,0.0,21.6,2024-02-15 19:49:30
BAG-FL-2024-010150,FL-2024-010150,WN,DAL,LAS,119,119,0,0.0,17.1,2024-03-11 14:12:00
BAG-FL-2024-010160,FL-2024-010160,AA,DFW,MCO,31,30,1,3.23,19.5,2024-01-27 14:30:18
BAG-FL-2024-010170,FL-2024-010170,NK,FLL,ATL,36,33,3,8.33,18.7,2024-01-06 16:06:12
BAG-FL-2024-010180,FL-2024-010180,AA,DTW,ORD,71,71,0,0.0,19.6,2024-02-05 15:42:30
BAG-FL-2024-010190,FL-2024-010190,DL,ATL,ORD,86,86,0,0.0,18.6,2024-01-12 07:15:54
BAG-FL-2024-010200,FL-2024-010200,UA,ORD,LAS,42,39,3,7.14,26.5,2024-03-12 15:57:24
BAG-FL-2024-010210,FL-2024-010210,DL,ATL,DAL,95,93,2,2.11,13.8,2024-01-07 08:28:30
BAG-FL-2024-010220,FL-2024-010220,AA,DTW,BWI,42,42,0,0.0,16.2,2024-03-30 09:33:30
BAG-FL-2024-010230,FL-2024-010230,WN,LAS,DAL,73,73,0,0.0,12.9,2024-02-12 11:50:12
BAG-FL-2024-010240,FL-2024-010240,AS,DFW,BWI,66,66,0,0.0,17.9,2024-01-28 10:41:06
BAG-FL-2024-010250,FL-2024-010250,WN,DAL,DTW,92,92,0,0.0,17.6,2024-03-21 18:18:00
BAG-FL-2024-010260,FL-2024-010260,AS,SFO,SAN,91,91,0,0.0,21.8,2024-03-12 08:26:48
BAG-FL-2024-010270,FL-2024-010270,AA,DFW,EWR,80,80,0,0.0,20.6,2024-01-17 16:51:12
BAG-FL-2024-010280,FL-2024-010280,AA,DFW,TPA,45,45,0,0.0,19.0,2024-02-08 15:47:30
BAG-FL-2024-010290,FL-2024-010290,B6,IAH,SEA,76,76,0,0.0,19.7,2024-03-01 12:18:00
BAG-FL-2024-010300,FL-2024-010300,OO,ATL,AUS,26,26,0,0.0,19.2,2024-03-21 13:01:30
BAG-FL-2024-010310,FL-2024-010310,UA,ORD,IAH,70,70,0,0.0,17.0,2024-02-17 20:09:42
BAG-FL-2024-010320,FL-2024-010320,AA,BOS,MIA,71,71,0,0.0,22.0,2024-02-22 17:27:00
BAG-FL-2024-010330,FL-2024-010330,B6,JFK,ATL,39,39,0,0.0,19.0,2024-01-26 11:36:48
BAG-FL-2024-010340,FL-2024-010340,WN,MCO,EWR,97,97,0,0.0,19.2,2024-01-30 06:29:42
BAG-FL-2024-010350,FL-2024-010350,NK,IAH,ORD,30,30,0,0.0,17.0,2024-01-15 18:14:24
BAG-FL-2024-010360,FL-2024-010360,AA,DAL,SAN,72,72,0,0.0,16.8,2024-01-13 12:34:36
BAG-FL-2024-010370,FL-2024-010370,AA,EWR,JFK,32,32,0,0.0,17.8,2024-03-18 13:42:48
BAG-FL-2024-010380,FL-2024-010380,AA,BWI,DEN,126,123,3,2.38,16.5,2024-02-05 12:58:36
BAG-FL-2024-010390,FL-2024-010390,DL,ORD,IAD,26,26,0,0.0,18.8,2024-03-28 11:32:00
BAG-FL-2024-010400,FL-2024-010400,AA,DFW,MSP,44,44,0,0.0,17.9,2024-02-16 16:38:06
BAG-FL-2024-010410,FL-2024-010410,AS,ATL,BWI,85,85,0,0.0,19.3,2024-03-14 13:02:00
BAG-FL-2024-010420,FL-2024-010420,WN,DAL,HNL,134,134,0,0.0,16.2,2024-01-09 15:21:00
BAG-FL-2024-010430,FL-2024-010430,DL,JFK,LAS,43,43,0,0.0,15.2,2024-01-08 09:36:36
BAG-FL-2024-010440,FL-2024-010440,AS,DFW,TPA,60,60,0,0.0,21.9,2024-03-12 19:14:06
BAG-FL-2024-010450,FL-2024-010450,UA,SAN,BOS,25,25,0,0.0,15.1,2024-01-02 09:09:48
BAG-FL-2024-010460,FL-2024-010460,DL,ATL,MDW,40,40,0,0.0,19.1,2024-03-22 10:13:00
BAG-FL-2024-010470,FL-2024-010470,AS,LAX,IAH,37,37,0,0.0,17.6,2024-02-13 15:31:30
BAG-FL-2024-010480,FL-2024-010480,DL,SFO,PHX,103,103,0,0.0,20.5,2024-02-05 10:31:12
BAG-FL-2024-010490,FL-2024-010490,NK,FLL,DTW,22,22,0,0.0,15.8,2024-03-13 16:06:18
BAG-FL-2024-010500,FL-2024-010500,OO,STL,PDX,55,55,0,0.0,19.6,2024-02-24 18:38:24
BAG-FL-2024-010510,FL-2024-010510,DL,ATL,LAS,124,124,0,0.0,12.2,2024-03-05 12:12:06
BAG-FL-2024-010520,FL-2024-010520,WN,BNA,AUS,65,65,0,0.0,22.5,2024-03-13 09:57:54
BAG-FL-2024-010530,FL-2024-010530,WN,DAL,PHX,90,90,0,0.0,24.0,2024-01-14 16:01:06
BAG-FL-2024-010540,FL-2024-010540,DL,LAS,DEN,20,20,0,0.0,16.0,2024-03-12 15:15:24
BAG-FL-2024-010550,FL-2024-010550,UA,SAN,LAS,74,74,0,0.0,23.2,2024-03-29 22:10:48
BAG-FL-2024-010560,FL-2024-010560,DL,MCO,ATL,48,48,0,0.0,17.9,2024-01-19 22:00:48
BAG-FL-2024-010570,FL-2024-010570,AS,ATL,FLL,104,103,1,0.96,21.9,2024-02-02 20:17:42
BAG-FL-2024-010580,FL-2024-010580,AA,DFW,BWI,71,71,0,0.0,20.0,2024-03-25 08:56:54
BAG-FL-2024-010590,FL-2024-010590,WN,DAL,MIA,82,82,0,0.0,16.6,2024-02-28 10:56:00
BAG-FL-2024-010600,FL-2024-010600,DL,ATL,FLL,45,45,0,0.0,10.9,2024-01-27 13:54:00
BAG-FL-2024-010610,FL-2024-010610,AA,STL,TPA,37,37,0,0.0,17.0,2024-02-25 11:06:30
BAG-FL-2024-010620,FL-2024-010620,NK,FLL,DEN,44,44,0,0.0,20.8,2024-02-12 13:32:00
BAG-FL-2024-010630,FL-2024-010630,OO,SLC,PHX,38,38,0,0.0,20.8,2024-02-18 22:10:06
BAG-FL-2024-010640,FL-2024-010640,AA,DFW,PHX,103,103,0,0.0,21.0,2024-02-09 14:18:36
BAG-FL-2024-010650,FL-2024-010650,B6,FLL,MDW,50,50,0,0.0,21.2,2024-03-17 21:32:30
BAG-FL-2024-010660,FL-2024-010660,AS,SEA,MIA,28,28,0,0.0,21.9,2024-03-09 16:42:30
BAG-FL-2024-010670,FL-2024-010670,B6,TPA,SEA,33,33,0,0.0,18.3,2024-02-24 07:48:30
BAG-FL-2024-010680,FL-2024-010680,F9,DEN,ORD,113,113,0,0.0,19.6,2024-02-19 17:54:18
BAG-FL-2024-010690,FL-2024-010690,AA,TPA,DTW,54,54,0,0.0,17.5,2024-03-02 08:50:12
BAG-FL-2024-010700,FL-2024-010700,UA,DFW,HNL,34,34,0,0.0,15.9,2024-03-09 15:32:42
BAG-FL-2024-010710,FL-2024-010710,UA,BNA,PDX,28,28,0,0.0,19.8,2024-03-30 16:25:48
BAG-FL-2024-010720,FL-2024-010720,WN,DAL,JFK,37,37,0,0.0,19.8,2024-03-02 16:12:00
BAG-FL-2024-010730,FL-2024-010730,AA,SEA,DFW,66,66,0,0.0,17.8,2024-02-11 14:00:24
BAG-FL-2024-010740,FL-2024-010740,NK,FLL,AUS,46,46,0,0.0,19.5,2024-03-18 08:28:30
BAG-FL-2024-010750,FL-2024-010750,NK,FLL,MDW,38,38,0,0.0,16.2,2024-03-15 06:17:42
BAG-FL-2024-010760,FL-2024-010760,DL,AUS,DAL,34,34,0,0.0,18.7,2024-03-23 15:16:42
BAG-FL-2024-010770,FL-2024-010770,OO,CLT,LAX,62,62,0,0.0,24.2,2024-01-21 06:20:24
BAG-FL-2024-010780,FL-2024-010780,DL,ATL,SAN,111,111,0,0.0,22.7,2024-03-07 14:09:00
BAG-FL-2024-010790,FL-2024-010790,AA,LAX,EWR,97,97,0,0.0,18.4,2024-01-14 06:06:54
BAG-FL-2024-010800,FL-2024-010800,DL,ATL,ORD,43,43,0,0.0,20.0,2024-03-21 10:59:00
BAG-FL-2024-010810,FL-2024-010810,B6,JFK,MIA,59,56,3,5.08,15.2,2024-01-06 15:05:18
BAG-FL-2024-010820,FL-2024-010820,AA,PHX,ATL,31,31,0,0.0,18.2,2024-01-31 12:55:54
BAG-FL-2024-010830,FL-2024-010830,DL,HNL,SFO,79,79,0,0.0,20.8,2024-01-06 15:36:18
BAG-FL-2024-010840,FL-2024-010840,WN,DAL,SAN,138,138,0,0.0,14.3,2024-03-16 10:54:48
BAG-FL-2024-010850,FL-2024-010850,DL,SAN,TPA,94,94,0,0.0,16.4,2024-03-17 12:25:36
BAG-FL-2024-010860,FL-2024-010860,WN,JFK,STL,30,30,0,0.0,17.6,2024-01-10 08:48:48
BAG-FL-2024-010870,FL-2024-010870,AA,DFW,DTW,107,107,0,0.0,16.8,2024-01-24 21:31:24
BAG-FL-2024-010880,FL-2024-010880,HA,MIA,SLC,47,47,0,0.0,18.5,2024-03-17 10:21:42
BAG-FL-2024-010890,FL-2024-010890,DL,SAN,SLC,43,41,2,4.65,20.5,2024-02-14 12:41:54
BAG-FL-2024-010900,FL-2024-010900,B6,JFK,STL,126,126,0,0.0,16.7,2024-01-26 11:33:00
BAG-FL-2024-010910,FL-2024-010910,AS,ORD,SAN,135,135,0,0.0,15.3,2024-01-09 09:48:36
BAG-FL-2024-010920,FL-2024-010920,AA,PHX,MDW,48,46,2,4.17,17.9,2024-01-04 18:21:30
BAG-FL-2024-010930,FL-2024-010930,WN,DAL,SEA,60,60,0,0.0,23.1,2024-02-21 09:46:48
BAG-FL-2024-010940,FL-2024-010940,B6,FLL,MDW,76,76,0,0.0,19.2,2024-03-14 11:07:48
BAG-FL-2024-010950,FL-2024-010950,WN,CLT,BOS,36,36,0,0.0,19.9,2024-03-23 17:08:54
BAG-FL-2024-010960,FL-2024-010960,AA,DEN,ORD,21,21,0,0.0,18.1,2024-01-22 21:07:12
BAG-FL-2024-010970,FL-2024-010970,AA,DFW,AUS,134,133,1,0.75,18.8,2024-02-20 13:14:42
BAG-FL-2024-010980,FL-2024-010980,WN,BOS,MCO,116,116,0,0.0,16.6,2024-03-09 14:20:24
BAG-FL-2024-010990,FL-2024-010990,DL,HNL,BWI,31,31,0,0.0,17.4,2024-03-02 21:36:30
BAG-FL-2024-011000,FL-2024-011000,AA,DFW,BOS,65,65,0,0.0,18.6,2024-02-22 17:43:24
BAG-FL-2024-011010,FL-2024-011010,OO,DEN,BNA,75,75,0,0.0,19.3,2024-01-13 21:29:36
BAG-FL-2024-011020,FL-2024-011020,AA,HNL,IAD,77,77,0,0.0,16.8,2024-02-15 10:29:30
BAG-FL-2024-011030,FL-2024-011030,DL,SLC,PHX,95,95,0,0.0,16.9,2024-03-17 16:30:48
BAG-FL-2024-011040,FL-2024-011040,DL,TPA,ATL,128,128,0,0.0,17.8,2024-01-14 09:53:42
BAG-FL-2024-011050,FL-2024-011050,B6,JFK,DFW,139,139,0,0.0,14.0,2024-02-16 13:18:24
BAG-FL-2024-011060,FL-2024-011060,F9,MSP,PDX,124,124,0,0.0,16.0,2024-01-14 13:35:30
BAG-FL-2024-011070,FL-2024-011070,UA,DEN,CLT,136,136,0,0.0,20.5,2024-03-09 12:41:18
BAG-FL-2024-011080,FL-2024-011080,DL,MDW,BWI,120,120,0,0.0,21.6,2024-03-12 16:48:18
BAG-FL-2024-011090,FL-2024-011090,AA,DEN,HNL,94,94,0,0.0,19.1,2024-03-04 10:21:06
BAG-FL-2024-011100,FL-2024-011100,OO,SLC,SFO,66,66,0,0.0,17.4,2024-03-20 19:02:48
BAG-FL-2024-011110,FL-2024-011110,OO,SLC,IAH,75,75,0,0.0,22.4,2024-02-29 07:01:36
BAG-FL-2024-011120,FL-2024-011120,WN,ORD,PHX,80,80,0,0.0,19.7,2024-03-19 11:25:48
BAG-FL-2024-011130,FL-2024-011130,UA,LAX,MSP,60,60,0,0.0,23.2,2024-01-14 18:43:36
BAG-FL-2024-011140,FL-2024-011140,DL,ORD,PHX,99,99,0,0.0,20.9,2024-03-06 16:15:48
BAG-FL-2024-011150,FL-2024-011150,OO,SLC,LAX,69,67,2,2.9,22.9,2024-02-09 14:16:00
BAG-FL-2024-011160,FL-2024-011160,AA,DFW,ORD,103,103,0,0.0,13.5,2024-03-26 17:47:48
BAG-FL-2024-011170,FL-2024-011170,DL,SAN,LAS,98,98,0,0.0,17.3,2024-03-19 12:56:24
BAG-FL-2024-011180,FL-2024-011180,DL,ATL,ORD,87,87,0,0.0,19.8,2024-01-04 12:06:30
BAG-FL-2024-011190,FL-2024-011190,AS,DFW,MSP,76,76,0,0.0,17.0,2024-01-16 10:08:36
BAG-FL-2024-011200,FL-2024-011200,UA,DFW,LAS,71,71,0,0.0,21.0,2024-01-08 12:22:18
BAG-FL-2024-011210,FL-2024-011210,AS,SEA,SLC,59,59,0,0.0,16.2,2024-02-21 08:53:24
BAG-FL-2024-011220,FL-2024-011220,UA,ORD,PHX,38,38,0,0.0,16.7,2024-02-16 11:30:12
BAG-FL-2024-011230,FL-2024-011230,NK,BNA,IAH,92,92,0,0.0,23.6,2024-01-06 16:05:00
BAG-FL-2024-011240,FL-2024-011240,AA,DFW,BNA,121,119,2,1.65,23.4,2024-03-17 17:22:54
BAG-FL-2024-011250,FL-2024-011250,UA,ORD,BWI,35,35,0,0.0,11.8,2024-03-16 22:32:30
BAG-FL-2024-011260,FL-2024-011260,NK,FLL,SFO,54,54,0,0.0,16.5,2024-01-26 08:48:48
BAG-FL-2024-011270,FL-2024-011270,UA,ATL,SLC,34,34,0,0.0,17.3,2024-02-20 19:08:36
BAG-FL-2024-011280,FL-2024-011280,DL,AUS,ORD,123,123,0,0.0,19.2,2024-02-05 21:27:06
BAG-FL-2024-011290,FL-2024-011290,DL,ATL,AUS,48,47,1,2.08,22.3,2024-02-17 19:20:12
BAG-FL-2024-011300,FL-2024-011300,AA,DFW,HNL,36,36,0,0.0,22.0,2024-02-25 11:29:48
BAG-FL-2024-011310,FL-2024-011310,WN,ATL,IAH,122,122,0,0.0,18.8,2024-02-25 09:22:06
BAG-FL-2024-011320,FL-2024-011320,DL,ATL,BWI,95,95,0,0.0,19.2,2024-01-03 11:33:00
BAG-FL-2024-011330,FL-2024-011330,AA,DFW,SAN,62,62,0,0.0,21.9,2024-03-20 20:39:12
BAG-FL-2024-011340,FL-2024-011340,AS,SEA,IAD,35,35,0,0.0,17.2,2024-01-21 19:43:30
BAG-FL-2024-011350,FL-2024-011350,UA,PDX,FLL,84,84,0,0.0,18.0,2024-01-13 11:25:06
BAG-FL-2024-011360,FL-2024-011360,UA,ORD,BNA,139,139,0,0.0,20.0,2024-03-22 15:02:24
BAG-FL-2024-011370,FL-2024-011370,AA,LAS,DAL,131,129,2,1.53,20.3,2024-01-30 23:43:30
BAG-FL-2024-011380,FL-2024-011380,B6,DEN,HNL,120,120,0,0.0,18.0,2024-03-24 06:11:18
BAG-FL-2024-011390,FL-2024-011390,WN,DAL,JFK,43,43,0,0.0,24.8,2024-03-21 15:40:18
BAG-FL-2024-011400,FL-2024-011400,UA,ORD,FLL,56,56,0,0.0,17.7,2024-02-24 19:50:54
BAG-FL-2024-011410,FL-2024-011410,WN,DAL,SFO,97,97,0,0.0,20.1,2024-01-05 15:27:48
BAG-FL-2024-011420,FL-2024-011420,WN,DAL,MIA,88,87,1,1.14,20.3,2024-01-06 15:17:36
BAG-FL-2024-011430,FL-2024-011430,WN,MCO,MIA,73,73,0,0.0,22.7,2024-01-21 11:06:30
BAG-FL-2024-011440,FL-2024-011440,WN,DAL,LAX,65,65,0,0.0,20.4,2024-03-16 13:21:00
BAG-FL-2024-011450,FL-2024-011450,DL,ORD,SEA,111,108,3,2.7,18.4,2024-02-22 18:47:30
BAG-FL-2024-011460,FL-2024-011460,OO,LAX,MSP,107,107,0,0.0,17.1,2024-02-16 16:24:12
BAG-FL-2024-011470,FL-2024-011470,DL,BOS,MSP,84,84,0,0.0,18.6,2024-02-05 13:51:54
BAG-FL-2024-011480,FL-2024-011480,WN,CLT,JFK,71,71,0,0.0,17.7,2024-03-11 13:05:42
BAG-FL-2024-011490,FL-2024-011490,NK,IAD,ATL,128,128,0,0.0,15.5,2024-03-03 12:52:36
BAG-FL-2024-011500,FL-2024-011500,UA,ORD,JFK,95,95,0,0.0,18.4,2024-02-07 15:05:42
BAG-FL-2024-011510,FL-2024-011510,F9,DEN,LAS,60,60,0,0.0,20.3,2024-02-16 16:14:36
BAG-FL-2024-011520,FL-2024-011520,UA,STL,DFW,132,132,0,0.0,19.0,2024-03-26 08:53:36
BAG-FL-2024-011530,FL-2024-011530,AS,IAD,HNL,62,62,0,0.0,20.4,2024-02-23 10:35:24
BAG-FL-2024-011540,FL-2024-011540,UA,DTW,EWR,76,74,2,2.63,18.2,2024-02-05 07:44:00
BAG-FL-2024-011550,FL-2024-011550,WN,DAL,DFW,97,97,0,0.0,18.4,2024-01-31 11:20:00
BAG-FL-2024-011560,FL-2024-011560,AA,DFW,EWR,102,102,0,0.0,15.4,2024-03-02 15:07:48
BAG-FL-2024-011570,FL-2024-011570,AS,SEA,SAN,87,87,0,0.0,15.9,2024-03-10 11:22:42
BAG-FL-2024-011580,FL-2024-011580,HA,IAD,SEA,94,94,0,0.0,24.2,2024-01-25 05:59:42
BAG-FL-2024-011590,FL-2024-011590,UA,ORD,LAX,117,117,0,0.0,19.8,2024-02-29 16:39:12
BAG-FL-2024-011600,FL-2024-011600,UA,LAX,HNL,75,75,0,0.0,18.3,2024-03-06 13:18:24
BAG-FL-2024-011610,FL-2024-011610,DL,ATL,DAL,38,38,0,0.0,23.7,2024-03-26 08:17:36
BAG-FL-2024-011620,FL-2024-011620,UA,SLC,IAD,45,45,0,0.0,18.8,2024-02-17 16:51:42
BAG-FL-2024-011630,FL-2024-011630,B6,JFK,CLT,64,64,0,0.0,18.6,2024-03-16 16:22:24
BAG-FL-2024-011640,FL-2024-011640,AA,DFW,SAN,73,71,2,2.74,20.5,2024-03-20 22:07:18
BAG-FL-2024-011660,FL-2024-011660,B6,IAH,LAS,54,54,0,0.0,16.5,2024-03-15 19:33:18
BAG-FL-2024-011670,FL-2024-011670,WN,DAL,ATL,83,83,0,0.0,21.1,2024-01-21 15:39:24
BAG-FL-2024-011680,FL-2024-011680,AA,BNA,DTW,124,124,0,0.0,16.3,2024-01-06 12:28:06
BAG-FL-2024-011690,FL-2024-011690,AA,DFW,DTW,63,63,0,0.0,18.9,2024-01-12 15:53:12
BAG-FL-2024-011700,FL-2024-011700,OO,LAS,HNL,70,70,0,0.0,19.8,2024-01-28 14:04:12
BAG-FL-2024-011710,FL-2024-011710,DL,ATL,LAX,56,56,0,0.0,22.1,2024-02-13 21:22:06
BAG-FL-2024-011720,FL-2024-011720,AA,DFW,DTW,28,28,0,0.0,17.1,2024-03-29 20:14:30
BAG-FL-2024-011730,FL-2024-011730,DL,DTW,EWR,134,132,2,1.49,15.0,2024-01-01 17:01:00
BAG-FL-2024-011740,FL-2024-011740,AA,DFW,CLT,61,61,0,0.0,18.6,2024-02-18 13:38:06
BAG-FL-2024-011750,FL-2024-011750,DL,ATL,SFO,70,70,0,0.0,20.7,2024-03-14 15:14:00
BAG-FL-2024-011760,FL-2024-011760,UA,ORD,SFO,122,122,0,0.0,20.9,2024-01-25 10:29:06
BAG-FL-2024-011770,FL-2024-011770,AS,SEA,MDW,48,48,0,0.0,17.5,2024-01-14 12:12:42
BAG-FL-2024-011780,FL-2024-011780,AA,DFW,BOS,129,129,0,0.0,14.2,2024-01-13 12:26:24
BAG-FL-2024-011790,FL-2024-011790,WN,DAL,SAN,140,140,0,0.0,19.7,2024-01-19 15:21:54
BAG-FL-2024-011800,FL-2024-011800,F9,DEN,JFK,36,36,0,0.0,16.6,2024-03-15 15:25:06
BAG-FL-2024-011810,FL-2024-011810,UA,CLT,ATL,110,110,0,0.0,19.5,2024-02-12 18:58:24
BAG-FL-2024-011820,FL-2024-011820,AS,ATL,JFK,50,50,0,0.0,22.4,2024-03-07 08:10:36
BAG-FL-2024-011830,FL-2024-011830,WN,DAL,ATL,137,137,0,0.0,14.8,2024-02-17 12:59:42
BAG-FL-2024-011840,FL-2024-011840,B6,TPA,SAN,129,129,0,0.0,21.1,2024-02-19 16:44:54
BAG-FL-2024-011850,FL-2024-011850,DL,JFK,SEA,130,130,0,0.0,15.2,2024-01-23 14:31:36
BAG-FL-2024-011860,FL-2024-011860,AS,SEA,CLT,118,118,0,0.0,20.9,2024-01-11 13:24:30
BAG-FL-2024-011870,FL-2024-011870,AA,DFW,MDW,84,82,2,2.38,20.4,2024-02-03 19:29:42
BAG-FL-2024-011880,FL-2024-011880,DL,ATL,BNA,29,29,0,0.0,18.8,2024-02-24 07:07:06
BAG-FL-2024-011890,FL-2024-011890,DL,DFW,SLC,84,84,0,0.0,17.7,2024-01-26 10:56:06
BAG-FL-2024-011900,FL-2024-011900,UA,PDX,DFW,134,131,3,2.24,23.4,2024-02-19 18:17:54
BAG-FL-2024-011910,FL-2024-011910,WN,DAL,SLC,129,127,2,1.55,20.1,2024-01-07 21:29:06
BAG-FL-2024-011920,FL-2024-011920,WN,DAL,MDW,23,23,0,0.0,16.7,2024-03-21 15:07:48
BAG-FL-2024-011930,FL-2024-011930,AS,SEA,DTW,55,55,0,0.0,19.5,2024-02-26 22:42:54
BAG-FL-2024-011940,FL-2024-011940,UA,BOS,STL,22,22,0,0.0,19.6,2024-03-04 11:29:48
BAG-FL-2024-011950,FL-2024-011950,AS,SEA,MIA,129,129,0,0.0,16.8,2024-02-13 06:16:42
BAG-FL-2024-011960,FL-2024-011960,DL,LAX,LAS,75,75,0,0.0,21.9,2024-01-29 12:22:18
BAG-FL-2024-011970,FL-2024-011970,UA,MDW,PHX,80,80,0,0.0,18.6,2024-03-03 16:20:48
BAG-FL-2024-011980,FL-2024-011980,DL,BNA,DFW,129,129,0,0.0,23.4,2024-01-10 10:00:36
BAG-FL-2024-011990,FL-2024-011990,OO,ATL,BNA,135,135,0,0.0,14.4,2024-01-25 10:59:06
BAG-FL-2024-012000,FL-2024-012000,DL,BNA,DAL,120,120,0,0.0,22.3,2024-02-09 14:25:18
BAG-FL-2024-012010,FL-2024-012010,UA,BOS,TPA,88,88,0,0.0,13.7,2024-03-03 12:47:30
BAG-FL-2024-012020,FL-2024-012020,DL,ATL,JFK,52,52,0,0.0,15.4,2024-01-24 14:27:24
BAG-FL-2024-012030,FL-2024-012030,WN,DAL,ATL,130,130,0,0.0,17.8,2024-01-03 12:23:18
BAG-FL-2024-012040,FL-2024-012040,AA,DFW,BNA,96,96,0,0.0,17.4,2024-03-06 16:36:36
BAG-FL-2024-012050,FL-2024-012050,OO,SLC,JFK,65,65,0,0.0,19.1,2024-02-14 09:42:48
BAG-FL-2024-012060,FL-2024-012060,AA,DFW,MDW,35,35,0,0.0,19.4,2024-02-25 17:17:30
BAG-FL-2024-012070,FL-2024-012070,NK,FLL,HNL,140,137,3,2.14,21.9,2024-02-29 15:58:30
BAG-FL-2024-012080,FL-2024-012080,UA,ORD,SEA,94,94,0,0.0,19.2,2024-01-08 10:57:06
BAG-FL-2024-012090,FL-2024-012090,WN,HNL,BNA,135,135,0,0.0,17.1,2024-01-19 19:16:30
BAG-FL-2024-012100,FL-2024-012100,F9,IAH,DEN,95,95,0,0.0,17.6,2024-03-20 18:10:12
BAG-FL-2024-012110,FL-2024-012110,UA,ORD,ATL,75,72,3,4.0,15.0,2024-03-11 19:19:24
BAG-FL-2024-012120,FL-2024-012120,AA,BWI,MCO,32,32,0,0.0,18.4,2024-01-26 12:35:42
BAG-FL-2024-012130,FL-2024-012130,UA,ORD,DAL,139,139,0,0.0,18.1,2024-01-25 20:47:36
BAG-FL-2024-012140,FL-2024-012140,WN,BWI,DAL,68,67,1,1.47,18.6,2024-02-11 12:40:24
BAG-FL-2024-012150,FL-2024-012150,AS,DEN,STL,124,123,1,0.81,20.4,2024-03-20 12:48:18
BAG-FL-2024-012160,FL-2024-012160,AA,AUS,DFW,89,89,0,0.0,17.2,2024-01-15 19:49:18
BAG-FL-2024-012170,FL-2024-012170,WN,DFW,PDX,96,94,2,2.08,20.7,2024-02-29 12:26:42
BAG-FL-2024-012180,FL-2024-012180,AS,SEA,TPA,21,21,0,0.0,20.7,2024-02-18 11:34:12
BAG-FL-2024-012190,FL-2024-012190,NK,FLL,MCO,65,65,0,0.0,22.7,2024-01-02 06:17:06
BAG-FL-2024-012200,FL-2024-012200,F9,DEN,AUS,35,35,0,0.0,16.8,2024-03-17 19:25:36
BAG-FL-2024-012210,FL-2024-012210,UA,ORD,SLC,77,77,0,0.0,17.1,2024-02-13 13:50:30
BAG-FL-2024-012220,FL-2024-012220,WN,DAL,EWR,90,90,0,0.0,19.8,2024-02-13 13:23:24
BAG-FL-2024-012230,FL-2024-012230,WN,DAL,MSP,54,54,0,0.0,13.6,2024-03-29 06:03:24
BAG-FL-2024-012240,FL-2024-012240,WN,MIA,PDX,126,126,0,0.0,20.5,2024-01-06 21:13:18
BAG-FL-2024-012250,FL-2024-012250,OO,PDX,SLC,130,130,0,0.0,21.5,2024-02-26 11:43:42
BAG-FL-2024-012260,FL-2024-012260,NK,FLL,DTW,55,53,2,3.64,20.9,2024-02-01 13:13:30
BAG-FL-2024-012270,FL-2024-012270,DL,IAD,CLT,26,26,0,0.0,12.4,2024-01-04 12:49:18
BAG-FL-2024-012290,FL-2024-012290,AA,DEN,MSP,45,45,0,0.0,16.5,2024-03-07 15:14:48
BAG-FL-2024-012300,FL-2024-012300,UA,ORD,BOS,105,105,0,0.0,19.9,2024-03-02 13:05:54
BAG-FL-2024-012310,FL-2024-012310,DL,ATL,DTW,45,45,0,0.0,17.3,2024-02-28 11:15:24
BAG-FL-2024-012320,FL-2024-012320,WN,DAL,EWR,105,105,0,0.0,24.3,2024-02-10 16:37:30
BAG-FL-2024-012330,FL-2024-012330,OO,SLC,AUS,109,106,3,2.75,20.7,2024-01-04 16:41:54
BAG-FL-2024-012350,FL-2024-012350,WN,DAL,MSP,87,87,0,0.0,18.9,2024-01-20 16:32:12
BAG-FL-2024-012360,FL-2024-012360,AS,SEA,ATL,107,104,3,2.8,19.4,2024-03-08 16:42:42
BAG-FL-2024-012370,FL-2024-012370,WN,DAL,PDX,109,109,0,0.0,20.1,2024-02-13 12:28:00
BAG-FL-2024-012380,FL-2024-012380,WN,DAL,FLL,114,114,0,0.0,19.1,2024-02-27 08:57:54
BAG-FL-2024-012390,FL-2024-012390,AS,SEA,PDX,86,86,0,0.0,15.8,2024-01-30 21:30:18
BAG-FL-2024-012400,FL-2024-012400,AA,DFW,SFO,97,97,0,0.0,17.9,2024-03-10 16:19:54
BAG-FL-2024-012410,FL-2024-012410,AS,LAX,ATL,138,138,0,0.0,16.2,2024-03-19 19:40:48
BAG-FL-2024-012420,FL-2024-012420,AA,PHX,IAD,108,106,2,1.85,18.9,2024-01-28 13:19:36
BAG-FL-2024-012430,FL-2024-012430,UA,ORD,BNA,137,137,0,0.0,15.9,2024-03-25 12:39:30
BAG-FL-2024-012450,FL-2024-012450,OO,SLC,PHX,80,77,3,3.75,20.0,2024-02-02 07:08:42
BAG-FL-2024-012460,FL-2024-012460,NK,FLL,DFW,128,128,0,0.0,27.8,2024-01-08 06:40:30
BAG-FL-2024-012470,FL-2024-012470,DL,SFO,CLT,89,89,0,0.0,19.9,2024-01-02 16:52:36
BAG-FL-2024-012480,FL-2024-012480,AS,SEA,DEN,103,103,0,0.0,14.7,2024-03-11 11:44:42
BAG-FL-2024-012490,FL-2024-012490,OO,SLC,LAX,62,62,0,0.0,17.1,2024-03-02 13:37:18
BAG-FL-2024-012500,FL-2024-012500,OO,SLC,AUS,120,120,0,0.0,21.4,2024-01-22 20:42:12
BAG-FL-2024-012510,FL-2024-012510,AS,SEA,LAX,34,34,0,0.0,16.8,2024-02-12 10:08:42
BAG-FL-2024-012520,FL-2024-012520,WN,DAL,BNA,70,67,3,4.29,13.8,2024-03-22 19:26:24
BAG-FL-2024-012530,FL-2024-012530,WN,DAL,TPA,92,92,0,0.0,21.4,2024-03-24 13:13:18
BAG-FL-2024-012540,FL-2024-012540,UA,ORD,CLT,94,94,0,0.0,17.0,2024-01-17 10:20:36
BAG-FL-2024-012550,FL-2024-012550,B6,JFK,SAN,35,35,0,0.0,23.3,2024-03-17 14:20:24
BAG-FL-2024-012560,FL-2024-012560,UA,BWI,AUS,77,77,0,0.0,21.0,2024-02-08 08:07:12
BAG-FL-2024-012570,FL-2024-012570,DL,ATL,SEA,87,87,0,0.0,21.0,2024-02-09 12:30:18
BAG-FL-2024-012580,FL-2024-012580,AA,DFW,LAX,112,112,0,0.0,20.7,2024-02-26 06:33:42
BAG-FL-2024-012590,FL-2024-012590,DL,ATL,IAD,68,68,0,0.0,15.4,2024-01-12 18:09:30
BAG-FL-2024-012600,FL-2024-012600,AS,BNA,IAH,55,55,0,0.0,18.5,2024-01-21 09:29:06
BAG-FL-2024-012610,FL-2024-012610,NK,FLL,MSP,89,89,0,0.0,18.2,2024-01-29 17:03:06
BAG-FL-2024-012620,FL-2024-012620,OO,SLC,ORD,114,114,0,0.0,19.1,2024-02-12 21:21:48
BAG-FL-2024-012630,FL-2024-012630,OO,SLC,JFK,55,55,0,0.0,19.3,2024-01-11 17:31:00
BAG-FL-2024-012640,FL-2024-012640,DL,ATL,EWR,97,97,0,0.0,16.6,2024-02-01 15:36:12
BAG-FL-2024-012650,FL-2024-012650,B6,JFK,PDX,57,57,0,0.0,19.6,2024-01-16 06:32:18
BAG-FL-2024-012660,FL-2024-012660,WN,DAL,CLT,91,91,0,0.0,17.3,2024-01-18 13:17:30
BAG-FL-2024-012670,FL-2024-012670,OO,SLC,IAH,39,39,0,0.0,18.3,2024-02-18 12:16:42
BAG-FL-2024-012680,FL-2024-012680,AA,SFO,TPA,117,117,0,0.0,20.3,2024-01-31 14:23:12
BAG-FL-2024-012690,FL-2024-012690,AA,JFK,SEA,84,84,0,0.0,17.8,2024-02-14 14:26:36
BAG-FL-2024-012700,FL-2024-012700,AS,SEA,HNL,103,103,0,0.0,16.8,2024-03-01 17:46:30
BAG-FL-2024-012710,FL-2024-012710,WN,DAL,SFO,54,54,0,0.0,18.5,2024-03-06 18:08:18
BAG-FL-2024-012720,FL-2024-012720,AA,DFW,LAX,64,64,0,0.0,20.4,2024-01-19 09:54:18
BAG-FL-2024-012730,FL-2024-012730,WN,DAL,MSP,37,37,0,0.0,14.5,2024-03-11 16:20:18
BAG-FL-2024-012740,FL-2024-012740,DL,IAH,SEA,42,42,0,0.0,20.9,2024-02-10 19:59:30
BAG-FL-2024-012750,FL-2024-012750,B6,JFK,SAN,95,95,0,0.0,17.6,2024-03-14 12:15:54
BAG-FL-2024-012760,FL-2024-012760,DL,MSP,SLC,72,72,0,0.0,16.8,2024-01-05 18:17:42
BAG-FL-2024-012770,FL-2024-012770,AA,SAN,LAX,25,25,0,0.0,16.7,2024-03-17 13:54:06
BAG-FL-2024-012780,FL-2024-012780,DL,DTW,IAH,108,108,0,0.0,16.9,2024-01-13 14:48:00
BAG-FL-2024-012790,FL-2024-012790,WN,DTW,SLC,138,138,0,0.0,16.3,2024-02-19 18:34:30
BAG-FL-2024-012800,FL-2024-012800,UA,ORD,PHX,52,52,0,0.0,22.4,2024-03-30 13:16:12
BAG-FL-2024-012810,FL-2024-012810,AA,DAL,MIA,38,38,0,0.0,19.5,2024-03-28 11:59:12
BAG-FL-2024-012820,FL-2024-012820,AA,DFW,TPA,88,88,0,0.0,22.6,2024-03-01 20:28:24
BAG-FL-2024-012830,FL-2024-012830,UA,ORD,BOS,60,59,1,1.67,17.0,2024-02-27 17:29:18
BAG-FL-2024-012840,FL-2024-012840,DL,ATL,DEN,28,28,0,0.0,21.6,2024-01-25 17:15:18
BAG-FL-2024-012850,FL-2024-012850,B6,JFK,ORD,72,72,0,0.0,19.2,2024-03-30 15:27:48
BAG-FL-2024-012860,FL-2024-012860,DL,ATL,MDW,99,99,0,0.0,18.7,2024-03-17 19:48:12
BAG-FL-2024-012870,FL-2024-012870,DL,IAD,ATL,66,66,0,0.0,19.3,2024-01-17 14:33:48
BAG-FL-2024-012880,FL-2024-012880,B6,STL,BNA,102,99,3,2.94,17.7,2024-01-26 15:05:30
BAG-FL-2024-012890,FL-2024-012890,NK,ATL,EWR,134,134,0,0.0,18.0,2024-02-04 15:42:42
BAG-FL-2024-012900,FL-2024-012900,AS,SEA,SLC,21,21,0,0.0,19.6,2024-02-08 09:35:54
BAG-FL-2024-012910,FL-2024-012910,WN,DAL,LAX,125,122,3,2.4,18.8,2024-03-13 18:45:54
BAG-FL-2024-012920,FL-2024-012920,WN,DAL,SFO,109,109,0,0.0,18.6,2024-01-26 12:05:36
BAG-FL-2024-012930,FL-2024-012930,AA,CLT,ATL,96,96,0,0.0,15.8,2024-02-06 06:38:24
BAG-FL-2024-012940,FL-2024-012940,DL,ATL,CLT,51,51,0,0.0,21.9,2024-01-30 13:22:54
BAG-FL-2024-012950,FL-2024-012950,AS,ORD,MSP,86,86,0,0.0,21.2,2024-02-04 16:14:00
BAG-FL-2024-012960,FL-2024-012960,DL,ATL,MCO,33,33,0,0.0,17.8,2024-02-23 13:17:42
BAG-FL-2024-012970,FL-2024-012970,UA,ORD,MIA,96,96,0,0.0,14.3,2024-02-28 22:37:00
BAG-FL-2024-012990,FL-2024-012990,UA,LAX,BWI,39,39,0,0.0,23.0,2024-03-26 12:01:24
BAG-FL-2024-013000,FL-2024-013000,UA,SLC,DFW,135,135,0,0.0,21.1,2024-02-07 15:47:12
BAG-FL-2024-013010,FL-2024-013010,DL,MCO,ATL,48,48,0,0.0,21.2,2024-02-14 16:36:48
BAG-FL-2024-013020,FL-2024-013020,WN,PDX,SFO,72,72,0,0.0,18.1,2024-02-04 17:26:24
BAG-FL-2024-013030,FL-2024-013030,UA,ORD,PHX,95,95,0,0.0,16.9,2024-02-11 15:10:42
BAG-FL-2024-013040,FL-2024-013040,HA,HNL,ATL,62,62,0,0.0,15.7,2024-03-20 22:36:54
BAG-FL-2024-013050,FL-2024-013050,AA,IAH,BWI,67,67,0,0.0,14.3,2024-03-12 12:48:06
BAG-FL-2024-013060,FL-2024-013060,B6,MDW,MIA,44,44,0,0.0,19.4,2024-01-27 20:46:36
BAG-FL-2024-013070,FL-2024-013070,WN,DAL,SLC,42,42,0,0.0,19.2,2024-02-18 16:44:18
BAG-FL-2024-013080,FL-2024-013080,F9,DEN,LAS,107,105,2,1.87,19.3,2024-02-05 08:41:00
BAG-FL-2024-013090,FL-2024-013090,OO,SLC,CLT,21,18,3,14.29,14.5,2024-01-09 17:09:42
BAG-FL-2024-013100,FL-2024-013100,AA,DFW,SLC,20,20,0,0.0,16.2,2024-02-02 14:12:18
BAG-FL-2024-013110,FL-2024-013110,AA,DFW,LAS,138,138,0,0.0,16.8,2024-03-18 14:59:48
BAG-FL-2024-013120,FL-2024-013120,UA,SLC,LAX,58,58,0,0.0,17.8,2024-03-12 20:49:48
BAG-FL-2024-013130,FL-2024-013130,UA,TPA,LAS,53,53,0,0.0,19.4,2024-03-11 06:47:06
BAG-FL-2024-013140,FL-2024-013140,WN,MCO,PDX,99,99,0,0.0,18.3,2024-03-30 13:07:12
BAG-FL-2024-013150,FL-2024-013150,OO,STL,JFK,139,137,2,1.44,18.1,2024-03-28 13:36:12
BAG-FL-2024-013160,FL-2024-013160,DL,ATL,DTW,97,97,0,0.0,19.5,2024-02-14 13:37:36
BAG-FL-2024-013170,FL-2024-013170,OO,MDW,MIA,57,57,0,0.0,22.9,2024-02-19 14:29:54
BAG-FL-2024-013180,FL-2024-013180,DL,LAX,DFW,82,82,0,0.0,16.5,2024-03-15 17:01:12
BAG-FL-2024-013190,FL-2024-013190,AA,PDX,DFW,27,27,0,0.0,21.7,2024-01-21 12:25:48
BAG-FL-2024-013200,FL-2024-013200,DL,ATL,LAX,47,47,0,0.0,20.4,2024-02-18 08:37:24
BAG-FL-2024-013210,FL-2024-013210,F9,IAD,BNA,115,115,0,0.0,18.6,2024-01-08 16:17:12
BAG-FL-2024-013220,FL-2024-013220,AA,EWR,MDW,27,27,0,0.0,22.5,2024-03-14 19:47:54
BAG-FL-2024-013230,FL-2024-013230,DL,ATL,LAX,43,43,0,0.0,18.8,2024-03-08 19:47:30
BAG-FL-2024-013240,FL-2024-013240,DL,ATL,SAN,71,70,1,1.41,18.0,2024-01-10 16:05:48
BAG-FL-2024-013250,FL-2024-013250,OO,SLC,BOS,82,82,0,0.0,18.5,2024-03-23 20:34:54
BAG-FL-2024-013260,FL-2024-013260,B6,AUS,DFW,26,26,0,0.0,19.2,2024-02-27 18:36:42
BAG-FL-2024-013270,FL-2024-013270,UA,ORD,IAD,37,37,0,0.0,15.7,2024-03-03 06:21:36
BAG-FL-2024-013280,FL-2024-013280,WN,IAH,AUS,76,76,0,0.0,22.0,2024-03-25 13:29:36
BAG-FL-2024-013290,FL-2024-013290,WN,SLC,BOS,49,49,0,0.0,18.8,2024-02-21 14:09:36
BAG-FL-2024-013300,FL-2024-013300,B6,JFK,SAN,72,72,0,0.0,20.9,2024-01-18 06:18:12
BAG-FL-2024-013310,FL-2024-013310,NK,BOS,IAD,131,131,0,0.0,22.0,2024-03-05 08:09:00
BAG-FL-2024-013320,FL-2024-013320,OO,SLC,SFO,125,125,0,0.0,15.8,2024-03-19 10:59:42
BAG-FL-2024-013340,FL-2024-013340,UA,ORD,EWR,127,127,0,0.0,17.5,2024-02-11 22:20:12
BAG-FL-2024-013350,FL-2024-013350,WN,AUS,HNL,104,104,0,0.0,13.8,2024-02-26 19:25:24
BAG-FL-2024-013360,FL-2024-013360,DL,ATL,BWI,32,29,3,9.38,19.3,2024-01-27 20:06:18
BAG-FL-2024-013370,FL-2024-013370,AA,DFW,SEA,135,135,0,0.0,20.2,2024-02-20 17:58:18
BAG-FL-2024-013380,FL-2024-013380,UA,ORD,HNL,47,47,0,0.0,18.5,2024-02-10 15:15:42
BAG-FL-2024-013390,FL-2024-013390,DL,ATL,DAL,57,57,0,0.0,18.4,2024-03-02 06:46:42
BAG-FL-2024-013400,FL-2024-013400,UA,ORD,ATL,128,128,0,0.0,15.2,2024-01-16 13:44:00
BAG-FL-2024-013410,FL-2024-013410,NK,FLL,PHX,40,40,0,0.0,16.6,2024-03-01 07:21:42
BAG-FL-2024-013420,FL-2024-013420,OO,SLC,FLL,48,48,0,0.0,16.4,2024-02-03 15:08:36
BAG-FL-2024-013430,FL-2024-013430,DL,ATL,AUS,72,72,0,0.0,18.6,2024-02-25 15:28:42
BAG-FL-2024-013440,FL-2024-013440,AA,DFW,LAS,48,46,2,4.17,21.6,2024-02-14 06:52:06
BAG-FL-2024-013450,FL-2024-013450,AA,BOS,PDX,66,66,0,0.0,15.3,2024-01-21 18:12:54
BAG-FL-2024-013460,FL-2024-013460,B6,MDW,HNL,60,60,0,0.0,20.8,2024-01-16 09:44:42
BAG-FL-2024-013470,FL-2024-013470,AA,DTW,BOS,36,36,0,0.0,15.0,2024-01-20 17:03:18
BAG-FL-2024-013480,FL-2024-013480,UA,SAN,DEN,70,70,0,0.0,14.4,2024-01-13 15:38:12
BAG-FL-2024-013490,FL-2024-013490,AA,DFW,MCO,88,88,0,0.0,15.0,2024-03-01 14:24:36
BAG-FL-2024-013510,FL-2024-013510,NK,FLL,PHX,27,27,0,0.0,18.8,2024-01-29 14:26:18
BAG-FL-2024-013520,FL-2024-013520,AS,SEA,BOS,62,60,2,3.23,16.9,2024-01-19 10:20:42
BAG-FL-2024-013530,FL-2024-013530,UA,ORD,SAN,90,90,0,0.0,19.5,2024-01-07 16:11:42
BAG-FL-2024-013540,FL-2024-013540,WN,PDX,CLT,94,94,0,0.0,20.4,2024-03-28 13:21:30
BAG-FL-2024-013550,FL-2024-013550,AA,DFW,IAD,47,45,2,4.26,16.1,2024-01-25 12:17:42
BAG-FL-2024-013560,FL-2024-013560,UA,ORD,PHX,73,73,0,0.0,20.9,2024-03-14 13:29:12
BAG-FL-2024-013570,FL-2024-013570,WN,DAL,CLT,118,118,0,0.0,19.8,2024-01-20 16:14:06
BAG-FL-2024-013580,FL-2024-013580,AA,DFW,MDW,116,116,0,0.0,17.5,2024-01-12 15:17:18
BAG-FL-2024-013590,FL-2024-013590,AA,MSP,IAD,55,55,0,0.0,19.3,2024-03-16 16:47:30
BAG-FL-2024-013600,FL-2024-013600,UA,ORD,ATL,132,132,0,0.0,21.6,2024-03-20 10:56:24
BAG-FL-2024-013610,FL-2024-013610,WN,ORD,TPA,114,114,0,0.0,18.7,2024-02-11 17:26:42
BAG-FL-2024-013620,FL-2024-013620,DL,SLC,ATL,132,132,0,0.0,18.8,2024-03-24 08:07:48
BAG-FL-2024-013630,FL-2024-013630,UA,LAX,BNA,52,52,0,0.0,17.0,2024-02-04 20:15:30
BAG-FL-2024-013640,FL-2024-013640,AA,DFW,AUS,45,45,0,0.0,20.7,2024-03-24 18:57:24
BAG-FL-2024-013650,FL-2024-013650,NK,MSP,ATL,97,96,1,1.03,19.4,2024-01-08 16:00:42
BAG-FL-2024-013660,FL-2024-013660,UA,ORD,STL,100,100,0,0.0,19.4,2024-01-17 13:53:30
BAG-FL-2024-013670,FL-2024-013670,WN,DFW,LAX,57,57,0,0.0,16.3,2024-01-14 09:35:24
BAG-FL-2024-013680,FL-2024-013680,AA,BOS,LAX,64,64,0,0.0,15.7,2024-03-26 16:56:30
BAG-FL-2024-013690,FL-2024-013690,UA,CLT,IAD,25,25,0,0.0,26.3,2024-01-05 06:25:42
BAG-FL-2024-013700,FL-2024-013700,OO,SLC,PHX,116,114,2,1.72,16.6,2024-02-12 17:58:30
BAG-FL-2024-013710,FL-2024-013710,UA,ORD,IAH,82,82,0,0.0,20.5,2024-02-18 16:28:30
BAG-FL-2024-013720,FL-2024-013720,UA,ORD,MCO,40,40,0,0.0,21.9,2024-02-26 14:35:12
BAG-FL-2024-013730,FL-2024-013730,AA,LAX,BWI,52,52,0,0.0,16.9,2024-01-11 17:30:30
BAG-FL-2024-013740,FL-2024-013740,B6,JFK,BNA,140,139,1,0.71,16.9,2024-02-24 13:38:18
BAG-FL-2024-013750,FL-2024-013750,WN,MSP,LAX,109,109,0,0.0,21.0,2024-01-08 07:11:36
BAG-FL-2024-013760,FL-2024-013760,AA,DFW,MSP,80,80,0,0.0,17.5,2024-02-29 19:48:42
BAG-FL-2024-013770,FL-2024-013770,UA,PDX,DFW,91,91,0,0.0,17.2,2024-02-24 17:40:42
BAG-FL-2024-013780,FL-2024-013780,AA,DFW,MSP,56,56,0,0.0,18.6,2024-01-15 15:20:12
BAG-FL-2024-013790,FL-2024-013790,UA,EWR,BNA,95,95,0,0.0,20.7,2024-03-09 21:08:48
BAG-FL-2024-013800,FL-2024-013800,NK,SFO,SLC,48,46,2,4.17,17.5,2024-02-11 13:18:42
BAG-FL-2024-013810,FL-2024-013810,AS,AUS,PHX,65,65,0,0.0,22.0,2024-03-12 16:44:12
BAG-FL-2024-013820,FL-2024-013820,DL,ATL,SLC,53,53,0,0.0,14.8,2024-01-22 11:41:24
BAG-FL-2024-013830,FL-2024-013830,DL,IAD,JFK,21,21,0,0.0,14.5,2024-01-05 11:11:24
BAG-FL-2024-013840,FL-2024-013840,UA,ORD,AUS,21,20,1,4.76,17.8,2024-03-23 12:23:12
BAG-FL-2024-013850,FL-2024-013850,AA,DFW,JFK,133,133,0,0.0,15.9,2024-02-27 11:58:48
BAG-FL-2024-013860,FL-2024-013860,B6,JFK,MDW,109,109,0,0.0,16.9,2024-01-05 12:11:48
BAG-FL-2024-013870,FL-2024-013870,AA,FLL,CLT,104,102,2,1.92,18.8,2024-01-18 09:13:24
BAG-FL-2024-013880,FL-2024-013880,OO,SLC,MIA,97,97,0,0.0,17.6,2024-02-26 18:46:12
BAG-FL-2024-013890,FL-2024-013890,OO,SLC,SEA,100,100,0,0.0,23.0,2024-01-26 13:19:48
BAG-FL-2024-013900,FL-2024-013900,AA,DFW,DEN,43,43,0,0.0,17.0,2024-01-07 16:09:12
BAG-FL-2024-013910,FL-2024-013910,UA,ORD,BNA,40,40,0,0.0,17.1,2024-01-16 15:37:30
BAG-FL-2024-013930,FL-2024-013930,UA,ORD,TPA,128,125,3,2.34,22.3,2024-03-17 14:33:54
BAG-FL-2024-013940,FL-2024-013940,WN,ORD,IAD,32,32,0,0.0,21.7,2024-01-11 12:44:48
BAG-FL-2024-013950,FL-2024-013950,OO,SLC,BWI,73,73,0,0.0,18.1,2024-03-29 12:42:48
BAG-FL-2024-013960,FL-2024-013960,AA,DFW,IAH,127,127,0,0.0,21.5,2024-01-01 15:06:36
BAG-FL-2024-013970,FL-2024-013970,DL,SLC,MCO,66,66,0,0.0,20.9,2024-02-26 13:56:18
BAG-FL-2024-013980,FL-2024-013980,UA,FLL,IAH,99,99,0,0.0,17.9,2024-02-04 13:53:48
BAG-FL-2024-013990,FL-2024-013990,UA,DTW,EWR,39,39,0,0.0,12.5,2024-02-12 18:22:12
BAG-FL-2024-014000,FL-2024-014000,DL,SAN,JFK,54,54,0,0.0,15.7,2024-01-20 21:49:12
BAG-FL-2024-014010,FL-2024-014010,UA,LAS,AUS,30,30,0,0.0,15.5,2024-03-30 09:16:24
BAG-FL-2024-014020,FL-2024-014020,OO,SLC,TPA,78,78,0,0.0,19.7,2024-03-16 16:45:06
BAG-FL-2024-014030,FL-2024-014030,AA,HNL,SAN,102,102,0,0.0,22.9,2024-02-24 21:40:00
BAG-FL-2024-014040,FL-2024-014040,UA,ORD,HNL,46,46,0,0.0,16.8,2024-02-28 14:23:48
BAG-FL-2024-014050,FL-2024-014050,OO,SLC,DFW,139,139,0,0.0,20.4,2024-02-26 14:35:30
BAG-FL-2024-014060,FL-2024-014060,DL,DFW,IAD,28,28,0,0.0,17.9,2024-03-03 13:35:30
BAG-FL-2024-014070,FL-2024-014070,NK,BNA,PHX,66,66,0,0.0,17.0,2024-03-12 11:50:30
BAG-FL-2024-014080,FL-2024-014080,DL,DAL,BOS,116,116,0,0.0,18.6,2024-03-17 07:33:48
BAG-FL-2024-014090,FL-2024-014090,OO,SLC,PHX,140,140,0,0.0,15.8,2024-02-21 09:32:00
BAG-FL-2024-014100,FL-2024-014100,DL,ATL,SAN,43,43,0,0.0,19.0,2024-01-29 13:59:06
BAG-FL-2024-014110,FL-2024-014110,UA,ORD,MCO,24,24,0,0.0,13.4,2024-02-06 10:16:42
BAG-FL-2024-014120,FL-2024-014120,DL,STL,MDW,66,66,0,0.0,20.1,2024-03-10 15:34:00
BAG-FL-2024-014130,FL-2024-014130,AA,DFW,MSP,100,100,0,0.0,20.3,2024-01-26 12:49:12
BAG-FL-2024-014140,FL-2024-014140,AA,DFW,JFK,37,37,0,0.0,13.1,2024-03-11 08:27:36
BAG-FL-2024-014150,FL-2024-014150,WN,SAN,MSP,73,72,1,1.37,18.5,2024-03-25 16:32:00
BAG-FL-2024-014160,FL-2024-014160,WN,LAS,DEN,73,73,0,0.0,19.2,2024-03-24 13:46:42
BAG-FL-2024-014170,FL-2024-014170,DL,ATL,HNL,53,53,0,0.0,13.5,2024-01-22 08:45:24
BAG-FL-2024-014180,FL-2024-014180,WN,DAL,ATL,105,105,0,0.0,14.5,2024-03-13 11:12:30
BAG-FL-2024-014190,FL-2024-014190,AA,DFW,ORD,87,84,3,3.45,18.7,2024-02-12 18:50:24
BAG-FL-2024-014200,FL-2024-014200,OO,DAL,MSP,29,29,0,0.0,21.3,2024-03-05 12:29:30
BAG-FL-2024-014210,FL-2024-014210,DL,DAL,STL,105,105,0,0.0,16.9,2024-02-06 12:39:12
BAG-FL-2024-014220,FL-2024-014220,AA,DFW,DTW,127,127,0,0.0,17.9,2024-01-09 13:43:54
BAG-FL-2024-014230,FL-2024-014230,WN,DAL,DEN,133,133,0,0.0,19.5,2024-01-21 13:12:00
BAG-FL-2024-014240,FL-2024-014240,OO,SLC,HNL,129,128,1,0.78,18.9,2024-03-22 15:39:06
BAG-FL-2024-014250,FL-2024-014250,WN,DAL,MSP,107,105,2,1.87,14.6,2024-02-24 11:19:12
BAG-FL-2024-014260,FL-2024-014260,UA,PHX,DTW,54,54,0,0.0,19.8,2024-01-02 13:15:48
BAG-FL-2024-014270,FL-2024-014270,AS,TPA,ATL,36,36,0,0.0,18.7,2024-01-16 10:15:18
BAG-FL-2024-014280,FL-2024-014280,DL,ATL,PDX,64,64,0,0.0,18.4,2024-02-09 13:00:48
BAG-FL-2024-014290,FL-2024-014290,UA,SFO,BNA,73,73,0,0.0,20.9,2024-02-10 15:23:06
BAG-FL-2024-014300,FL-2024-014300,UA,ORD,HNL,114,114,0,0.0,18.7,2024-02-24 11:26:54
BAG-FL-2024-014310,FL-2024-014310,AS,SEA,BWI,60,57,3,5.0,17.2,2024-03-11 17:45:30
BAG-FL-2024-014320,FL-2024-014320,UA,ORD,DTW,100,100,0,0.0,18.0,2024-02-17 15:01:42
BAG-FL-2024-014330,FL-2024-014330,UA,ORD,LAS,54,54,0,0.0,15.5,2024-01-04 10:25:24
BAG-FL-2024-014340,FL-2024-014340,DL,ATL,JFK,23,23,0,0.0,16.0,2024-02-27 21:05:48
BAG-FL-2024-014350,FL-2024-014350,DL,DTW,ORD,118,118,0,0.0,22.9,2024-03-21 12:45:06
BAG-FL-2024-014360,FL-2024-014360,UA,ORD,CLT,114,114,0,0.0,17.0,2024-01-20 13:21:30
BAG-FL-2024-014370,FL-2024-014370,AS,BNA,SAN,97,97,0,0.0,16.0,2024-01-13 08:49:24
BAG-FL-2024-014380,FL-2024-014380,F9,DEN,EWR,125,125,0,0.0,16.9,2024-03-19 22:07:18
BAG-FL-2024-014390,FL-2024-014390,UA,TPA,PHX,124,124,0,0.0,15.6,2024-02-07 21:25:36
BAG-FL-2024-014400,FL-2024-014400,AS,SAN,DFW,49,49,0,0.0,15.7,2024-01-30 15:15:24
BAG-FL-2024-014410,FL-2024-014410,DL,ATL,IAH,67,67,0,0.0,14.1,2024-01-18 12:31:42
BAG-FL-2024-014420,FL-2024-014420,UA,BOS,MIA,63,63,0,0.0,17.7,2024-01-09 10:00:42
BAG-FL-2024-014430,FL-2024-014430,AA,DFW,DTW,123,123,0,0.0,18.2,2024-01-21 09:23:06
BAG-FL-2024-014440,FL-2024-014440,NK,FLL,IAH,38,38,0,0.0,16.6,2024-02-11 20:45:36
BAG-FL-2024-014450,FL-2024-014450,DL,IAD,CLT,75,75,0,0.0,16.8,2024-02-17 08:52:48
BAG-FL-2024-014460,FL-2024-014460,AA,DAL,SAN,135,135,0,0.0,18.9,2024-03-07 10:47:24
BAG-FL-2024-014470,FL-2024-014470,WN,DAL,ATL,40,39,1,2.5,19.0,2024-03-05 18:04:12
BAG-FL-2024-014480,FL-2024-014480,UA,ORD,MCO,63,63,0,0.0,16.3,2024-03-28 12:26:54
BAG-FL-2024-014490,FL-2024-014490,OO,SLC,SAN,135,135,0,0.0,23.5,2024-02-02 14:09:30
BAG-FL-2024-014500,FL-2024-014500,UA,FLL,AUS,134,134,0,0.0,16.6,2024-01-16 18:39:48
BAG-FL-2024-014510,FL-2024-014510,B6,SEA,SAN,95,95,0,0.0,20.1,2024-02-20 13:14:48
BAG-FL-2024-014520,FL-2024-014520,DL,ATL,EWR,132,132,0,0.0,18.6,2024-02-15 12:28:48
BAG-FL-2024-014530,FL-2024-014530,AS,HNL,LAS,37,37,0,0.0,22.6,2024-01-24 18:38:00
BAG-FL-2024-014540,FL-2024-014540,AA,JFK,DAL,140,140,0,0.0,20.5,2024-01-24 12:35:24
BAG-FL-2024-014550,FL-2024-014550,AA,BOS,DEN,65,65,0,0.0,21.9,2024-03-04 10:52:36
BAG-FL-2024-014560,FL-2024-014560,OO,SLC,EWR,56,56,0,0.0,18.7,2024-02-14 10:29:36
BAG-FL-2024-014570,FL-2024-014570,OO,MDW,AUS,135,134,1,0.74,17.3,2024-03-30 21:19:12
BAG-FL-2024-014580,FL-2024-014580,UA,ORD,DAL,126,126,0,0.0,15.2,2024-01-01 09:29:00
BAG-FL-2024-014590,FL-2024-014590,DL,ATL,AUS,60,60,0,0.0,15.1,2024-03-12 16:15:06
BAG-FL-2024-014600,FL-2024-014600,WN,DAL,MDW,122,122,0,0.0,22.6,2024-03-02 10:16:06
BAG-FL-2024-014610,FL-2024-014610,HA,HNL,STL,73,73,0,0.0,20.6,2024-02-08 17:39:18
BAG-FL-2024-014620,FL-2024-014620,OO,BNA,JFK,31,31,0,0.0,16.4,2024-02-27 14:27:24
BAG-FL-2024-014630,FL-2024-014630,DL,ATL,DFW,127,127,0,0.0,22.7,2024-02-24 09:02:48
BAG-FL-2024-014640,FL-2024-014640,DL,MSP,TPA,52,52,0,0.0,23.3,2024-01-19 16:04:30
BAG-FL-2024-014650,FL-2024-014650,OO,SLC,PHX,55,55,0,0.0,21.2,2024-01-19 18:16:42
BAG-FL-2024-014660,FL-2024-014660,UA,ORD,DAL,52,52,0,0.0,15.0,2024-03-14 18:27:06
BAG-FL-2024-014670,FL-2024-014670,AA,IAD,SLC,36,36,0,0.0,20.5,2024-01-09 13:33:12
BAG-FL-2024-014680,FL-2024-014680,DL,MIA,EWR,75,75,0,0.0,19.5,2024-03-01 18:28:24
BAG-FL-2024-014690,FL-2024-014690,AS,DAL,IAH,115,115,0,0.0,16.2,2024-01-06 19:32:12
BAG-FL-2024-014700,FL-2024-014700,AS,BOS,IAH,52,52,0,0.0,14.3,2024-02-24 14:54:54
BAG-FL-2024-014710,FL-2024-014710,AA,DFW,AUS,31,29,2,6.45,19.2,2024-03-19 23:53:00
BAG-FL-2024-014720,FL-2024-014720,UA,ORD,BNA,68,68,0,0.0,19.4,2024-03-27 15:15:00
BAG-FL-2024-014730,FL-2024-014730,DL,ATL,FLL,82,82,0,0.0,16.7,2024-03-02 08:42:06
BAG-FL-2024-014740,FL-2024-014740,NK,BNA,BWI,50,47,3,6.0,14.1,2024-01-12 11:18:06
BAG-FL-2024-014750,FL-2024-014750,AA,DFW,SEA,130,130,0,0.0,15.9,2024-03-23 10:19:24
BAG-FL-2024-014760,FL-2024-014760,B6,STL,IAH,51,50,1,1.96,19.4,2024-03-18 18:56:24
BAG-FL-2024-014770,FL-2024-014770,WN,PHX,LAS,127,127,0,0.0,15.0,2024-01-10 15:03:06
BAG-FL-2024-014780,FL-2024-014780,AA,DFW,ATL,104,104,0,0.0,17.6,2024-01-22 12:24:24
BAG-FL-2024-014790,FL-2024-014790,HA,HNL,LAS,108,108,0,0.0,21.5,2024-01-23 17:20:54
BAG-FL-2024-014800,FL-2024-014800,UA,ORD,AUS,48,48,0,0.0,19.7,2024-03-19 13:49:42
BAG-FL-2024-014810,FL-2024-014810,NK,FLL,DTW,61,61,0,0.0,21.5,2024-01-19 20:51:12
BAG-FL-2024-014820,FL-2024-014820,AS,IAD,STL,120,120,0,0.0,15.7,2024-03-15 21:36:36
BAG-FL-2024-014830,FL-2024-014830,OO,FLL,EWR,129,129,0,0.0,17.9,2024-01-09 13:50:42
BAG-FL-2024-014840,FL-2024-014840,WN,SFO,PHX,117,117,0,0.0,17.0,2024-01-25 14:39:12
BAG-FL-2024-014850,FL-2024-014850,WN,DAL,ATL,57,57,0,0.0,16.7,2024-02-06 15:28:24
BAG-FL-2024-014860,FL-2024-014860,DL,ATL,SAN,81,81,0,0.0,21.3,2024-03-09 07:09:42
BAG-FL-2024-014870,FL-2024-014870,DL,IAD,ATL,66,65,1,1.52,19.0,2024-03-22 19:10:00
BAG-FL-2024-014880,FL-2024-014880,OO,SLC,STL,63,63,0,0.0,22.1,2024-02-01 15:41:00
BAG-FL-2024-014900,FL-2024-014900,DL,ATL,JFK,105,105,0,0.0,21.6,2024-01-27 10:24:30
BAG-FL-2024-014910,FL-2024-014910,UA,ORD,PHX,37,37,0,0.0,19.7,2024-01-04 16:25:18
BAG-FL-2024-014920,FL-2024-014920,DL,ATL,FLL,47,47,0,0.0,19.8,2024-01-05 16:41:54
BAG-FL-2024-014930,FL-2024-014930,UA,SEA,IAD,101,101,0,0.0,16.3,2024-02-25 15:28:12
BAG-FL-2024-014940,FL-2024-014940,UA,DAL,JFK,70,70,0,0.0,18.4,2024-01-13 11:19:42
BAG-FL-2024-014950,FL-2024-014950,AA,DTW,CLT,111,111,0,0.0,25.4,2024-01-24 14:22:18
BAG-FL-2024-014960,FL-2024-014960,UA,ORD,EWR,35,35,0,0.0,18.1,2024-01-30 06:35:18
BAG-FL-2024-014970,FL-2024-014970,DL,ATL,LAS,123,123,0,0.0,18.8,2024-02-23 19:54:24
BAG-FL-2024-014980,FL-2024-014980,AA,CLT,IAH,56,56,0,0.0,20.7,2024-01-16 06:27:54
BAG-FL-2024-014990,FL-2024-014990,WN,DAL,MIA,78,78,0,0.0,18.7,2024-01-31 14:11:24
BAG-FL-2024-015000,FL-2024-015000,UA,JFK,PDX,79,79,0,0.0,21.2,2024-01-27 14:57:54
BAG-FL-2024-015010,FL-2024-015010,DL,ATL,IAD,128,128,0,0.0,17.8,2024-03-29 16:07:06
BAG-FL-2024-015020,FL-2024-015020,WN,DAL,LAX,73,73,0,0.0,16.7,2024-01-02 16:36:00
BAG-FL-2024-015030,FL-2024-015030,UA,MSP,BNA,95,95,0,0.0,22.3,2024-03-29 06:48:24
BAG-FL-2024-015040,FL-2024-015040,WN,DTW,BNA,127,127,0,0.0,19.4,2024-01-19 15:57:12
BAG-FL-2024-015050,FL-2024-015050,DL,ATL,SAN,43,43,0,0.0,20.3,2024-01-05 11:31:54
BAG-FL-2024-015060,FL-2024-015060,WN,DAL,IAH,77,77,0,0.0,22.5,2024-01-19 08:59:48
BAG-FL-2024-015070,FL-2024-015070,B6,PDX,TPA,107,107,0,0.0,17.3,2024-02-07 15:27:36
BAG-FL-2024-015080,FL-2024-015080,B6,JFK,MIA,135,135,0,0.0,20.3,2024-03-08 09:55:06
BAG-FL-2024-015090,FL-2024-015090,B6,JFK,MDW,99,99,0,0.0,18.4,2024-03-29 22:25:36
BAG-FL-2024-015100,FL-2024-015100,OO,SLC,LAS,61,61,0,0.0,19.3,2024-01-29 10:21:06
BAG-FL-2024-015110,FL-2024-015110,DL,SLC,CLT,57,57,0,0.0,24.1,2024-02-03 16:02:36
BAG-FL-2024-015120,FL-2024-015120,AA,DFW,SLC,67,66,1,1.49,19.3,2024-03-07 16:54:48
BAG-FL-2024-015130,FL-2024-015130,DL,STL,BOS,68,68,0,0.0,15.0,2024-01-28 14:46:24
BAG-FL-2024-015140,FL-2024-015140,UA,LAS,IAD,122,119,3,2.46,17.6,2024-01-13 13:35:36
BAG-FL-2024-015150,FL-2024-015150,DL,ATL,DEN,71,70,1,1.41,18.1,2024-03-06 20:23:12
BAG-FL-2024-015160,FL-2024-015160,DL,ATL,EWR,137,137,0,0.0,12.0,2024-02-02 06:27:18
BAG-FL-2024-015170,FL-2024-015170,DL,DTW,CLT,134,134,0,0.0,17.1,2024-01-15 12:14:54
BAG-FL-2024-015180,FL-2024-015180,WN,DAL,MDW,36,36,0,0.0,21.9,2024-02-14 15:33:30
BAG-FL-2024-015190,FL-2024-015190,OO,SLC,BOS,123,123,0,0.0,20.4,2024-03-19 16:09:12
BAG-FL-2024-015200,FL-2024-015200,DL,MDW,MCO,50,50,0,0.0,17.6,2024-01-30 22:37:06
BAG-FL-2024-015210,FL-2024-015210,NK,DFW,JFK,66,63,3,4.55,18.0,2024-01-04 18:04:48
BAG-FL-2024-015220,FL-2024-015220,DL,BWI,BNA,78,78,0,0.0,20.4,2024-01-29 13:27:18
BAG-FL-2024-015230,FL-2024-015230,WN,DAL,AUS,121,121,0,0.0,22.3,2024-02-27 17:42:06
BAG-FL-2024-015240,FL-2024-015240,HA,HNL,SFO,31,31,0,0.0,17.7,2024-02-15 09:44:42
BAG-FL-2024-015250,FL-2024-015250,UA,ORD,BNA,24,24,0,0.0,17.6,2024-01-01 17:41:36
BAG-FL-2024-015260,FL-2024-015260,UA,SAN,MIA,31,31,0,0.0,19.7,2024-01-14 19:03:06
BAG-FL-2024-015270,FL-2024-015270,AA,DFW,ATL,136,136,0,0.0,18.8,2024-03-23 08:40:42
BAG-FL-2024-015280,FL-2024-015280,AA,DFW,SEA,37,37,0,0.0,18.8,2024-01-24 14:55:36
BAG-FL-2024-015290,FL-2024-015290,NK,AUS,FLL,105,105,0,0.0,14.4,2024-01-05 11:28:30
BAG-FL-2024-015300,FL-2024-015300,OO,BOS,PDX,60,60,0,0.0,17.5,2024-01-15 11:34:00
BAG-FL-2024-015310,FL-2024-015310,DL,DTW,ORD,64,64,0,0.0,14.7,2024-03-26 19:05:30
BAG-FL-2024-015320,FL-2024-015320,WN,DAL,PDX,60,60,0,0.0,15.3,2024-02-24 10:32:06
BAG-FL-2024-015330,FL-2024-015330,DL,ATL,MDW,72,72,0,0.0,21.3,2024-03-21 20:34:36
BAG-FL-2024-015340,FL-2024-015340,B6,JFK,BWI,20,20,0,0.0,17.9,2024-02-22 13:57:42
BAG-FL-2024-015350,FL-2024-015350,DL,LAX,SAN,34,33,1,2.94,23.7,2024-02-13 15:24:06
BAG-FL-2024-015360,FL-2024-015360,AA,BOS,EWR,60,58,2,3.33,18.8,2024-03-05 11:36:00
BAG-FL-2024-015370,FL-2024-015370,AA,DFW,PDX,60,60,0,0.0,19.7,2024-02-14 16:00:00
BAG-FL-2024-015380,FL-2024-015380,DL,ATL,JFK,134,134,0,0.0,19.4,2024-01-02 10:33:12
BAG-FL-2024-015390,FL-2024-015390,UA,MSP,ATL,115,115,0,0.0,19.6,2024-01-23 16:52:42
BAG-FL-2024-015410,FL-2024-015410,UA,ORD,SAN,76,76,0,0.0,18.4,2024-03-21 14:11:48
BAG-FL-2024-015420,FL-2024-015420,DL,LAS,MCO,93,93,0,0.0,24.1,2024-01-11 09:31:12
BAG-FL-2024-015430,FL-2024-015430,AA,IAH,SAN,39,39,0,0.0,22.7,2024-03-06 20:00:54
BAG-FL-2024-015440,FL-2024-015440,DL,PHX,STL,60,60,0,0.0,18.8,2024-03-21 14:40:42
BAG-FL-2024-015450,FL-2024-015450,UA,JFK,FLL,29,29,0,0.0,15.7,2024-01-22 17:18:24
BAG-FL-2024-015460,FL-2024-015460,UA,ORD,HNL,80,77,3,3.75,17.9,2024-02-01 09:29:54
BAG-FL-2024-015470,FL-2024-015470,WN,PHX,TPA,100,100,0,0.0,18.9,2024-03-04 14:14:24
BAG-FL-2024-015490,FL-2024-015490,WN,DAL,BWI,69,69,0,0.0,17.0,2024-01-11 10:34:48
BAG-FL-2024-015500,FL-2024-015500,DL,DEN,MIA,75,75,0,0.0,16.2,2024-01-09 11:00:24
BAG-FL-2024-015510,FL-2024-015510,DL,ATL,IAH,66,66,0,0.0,17.8,2024-01-04 16:35:00
BAG-FL-2024-015520,FL-2024-015520,AA,DFW,DEN,97,97,0,0.0,18.6,2024-01-17 18:28:12
BAG-FL-2024-015530,FL-2024-015530,UA,ORD,PDX,109,109,0,0.0,17.9,2024-03-26 15:28:54
BAG-FL-2024-015540,FL-2024-015540,AA,LAS,DEN,100,100,0,0.0,23.9,2024-02-10 11:56:18
BAG-FL-2024-015550,FL-2024-015550,DL,ATL,ORD,20,20,0,0.0,14.6,2024-03-17 13:12:48
BAG-FL-2024-015560,FL-2024-015560,WN,TPA,STL,140,137,3,2.14,22.1,2024-03-24 19:44:30
BAG-FL-2024-015570,FL-2024-015570,AA,DFW,BWI,38,36,2,5.26,17.8,2024-02-07 14:36:06
BAG-FL-2024-015580,FL-2024-015580,DL,TPA,LAS,52,52,0,0.0,19.6,2024-02-29 12:52:18
BAG-FL-2024-015590,FL-2024-015590,DL,ATL,SAN,68,68,0,0.0,19.6,2024-02-02 21:34:06
BAG-FL-2024-015600,FL-2024-015600,UA,ORD,LAX,107,107,0,0.0,20.9,2024-02-29 15:44:24
BAG-FL-2024-015610,FL-2024-015610,AS,MCO,SEA,105,105,0,0.0,20.9,2024-03-26 13:21:24
BAG-FL-2024-015620,FL-2024-015620,AA,DFW,BWI,51,51,0,0.0,20.6,2024-01-19 14:58:30
BAG-FL-2024-015630,FL-2024-015630,OO,SLC,MCO,56,53,3,5.36,19.6,2024-01-23 20:12:54
BAG-FL-2024-015640,FL-2024-015640,WN,HNL,FLL,41,41,0,0.0,22.3,2024-01-03 12:46:30
BAG-FL-2024-015650,FL-2024-015650,UA,ORD,PHX,110,110,0,0.0,13.8,2024-03-23 07:33:06
BAG-FL-2024-015660,FL-2024-015660,AS,SLC,MIA,48,48,0,0.0,14.7,2024-03-02 09:45:36
BAG-FL-2024-015670,FL-2024-015670,B6,JFK,SAN,75,75,0,0.0,21.9,2024-01-11 14:25:24
BAG-FL-2024-015680,FL-2024-015680,OO,SLC,BNA,25,24,1,4.0,14.5,2024-03-10 17:42:54
BAG-FL-2024-015690,FL-2024-015690,DL,ATL,STL,23,23,0,0.0,17.6,2024-02-01 09:14:30
BAG-FL-2024-015700,FL-2024-015700,UA,SEA,PHX,73,73,0,0.0,18.4,2024-03-22 12:59:18
BAG-FL-2024-015710,FL-2024-015710,DL,FLL,BNA,64,64,0,0.0,21.6,2024-01-20 16:03:12
BAG-FL-2024-015720,FL-2024-015720,AA,DFW,BNA,137,137,0,0.0,20.3,2024-03-19 16:09:54
BAG-FL-2024-015730,FL-2024-015730,OO,SLC,SEA,73,73,0,0.0,15.0,2024-01-07 16:52:36
BAG-FL-2024-015740,FL-2024-015740,AA,ORD,DAL,102,102,0,0.0,19.9,2024-02-27 16:49:18
BAG-FL-2024-015750,FL-2024-015750,AA,IAH,BNA,72,72,0,0.0,15.2,2024-03-08 15:26:30
BAG-FL-2024-015760,FL-2024-015760,WN,JFK,BOS,96,96,0,0.0,16.1,2024-03-27 14:36:18
BAG-FL-2024-015770,FL-2024-015770,UA,SLC,IAH,92,91,1,1.09,24.3,2024-03-09 16:25:18
BAG-FL-2024-015780,FL-2024-015780,B6,SAN,SEA,34,34,0,0.0,19.9,2024-01-13 10:15:06
BAG-FL-2024-015790,FL-2024-015790,UA,ATL,DAL,133,133,0,0.0,23.4,2024-01-31 15:00:24
BAG-FL-2024-015800,FL-2024-015800,AA,DFW,ORD,135,135,0,0.0,19.1,2024-02-05 21:29:06
BAG-FL-2024-015810,FL-2024-015810,OO,SLC,BNA,22,22,0,0.0,21.1,2024-02-13 13:55:00
BAG-FL-2024-015820,FL-2024-015820,NK,DTW,MCO,37,34,3,8.11,18.4,2024-03-27 13:42:54
BAG-FL-2024-015840,FL-2024-015840,OO,BNA,HNL,76,76,0,0.0,19.8,2024-03-27 13:36:00
BAG-FL-2024-015850,FL-2024-015850,F9,FLL,SFO,108,108,0,0.0,17.5,2024-02-08 15:39:12
BAG-FL-2024-015860,FL-2024-015860,WN,DAL,MIA,36,36,0,0.0,19.3,2024-03-14 12:05:06
BAG-FL-2024-015870,FL-2024-015870,UA,ORD,BWI,72,72,0,0.0,19.8,2024-01-09 21:24:24
BAG-FL-2024-015880,FL-2024-015880,AA,DFW,BOS,121,120,1,0.83,19.2,2024-03-24 21:03:42
BAG-FL-2024-015890,FL-2024-015890,DL,HNL,SAN,48,48,0,0.0,19.0,2024-01-22 18:59:54
BAG-FL-2024-015900,FL-2024-015900,AS,SEA,LAS,73,73,0,0.0,20.5,2024-01-07 14:34:54
BAG-FL-2024-015910,FL-2024-015910,UA,ORD,DEN,48,48,0,0.0,23.6,2024-01-19 13:49:24
BAG-FL-2024-015920,FL-2024-015920,AA,SEA,PDX,134,134,0,0.0,22.4,2024-03-12 22:37:12
BAG-FL-2024-015930,FL-2024-015930,UA,SFO,MIA,47,46,1,2.13,17.4,2024-03-22 11:55:18
BAG-FL-2024-015940,FL-2024-015940,WN,SAN,BWI,113,113,0,0.0,20.0,2024-01-09 16:57:54
BAG-FL-2024-015950,FL-2024-015950,UA,BOS,DEN,65,65,0,0.0,18.8,2024-01-26 12:24:30
BAG-FL-2024-015970,FL-2024-015970,WN,DAL,PHX,85,85,0,0.0,19.6,2024-03-19 18:38:48
BAG-FL-2024-015980,FL-2024-015980,UA,ORD,LAX,48,48,0,0.0,23.7,2024-02-14 10:00:24
BAG-FL-2024-015990,FL-2024-015990,UA,ORD,IAH,135,135,0,0.0,21.4,2024-02-20 11:54:54
BAG-FL-2024-016000,FL-2024-016000,WN,DAL,ATL,115,115,0,0.0,14.7,2024-03-17 11:01:12
BAG-FL-2024-016010,FL-2024-016010,WN,LAS,MIA,98,97,1,1.02,17.7,2024-01-28 10:31:00
BAG-FL-2024-016020,FL-2024-016020,UA,FLL,DTW,107,107,0,0.0,14.4,2024-02-20 12:23:12
BAG-FL-2024-016030,FL-2024-016030,HA,CLT,MCO,115,115,0,0.0,14.1,2024-03-27 10:51:06
BAG-FL-2024-016040,FL-2024-016040,AA,DFW,PHX,29,29,0,0.0,18.9,2024-02-07 14:11:30
BAG-FL-2024-016050,FL-2024-016050,UA,ORD,BOS,123,123,0,0.0,18.0,2024-03-25 14:27:36
BAG-FL-2024-016060,FL-2024-016060,DL,DAL,MCO,64,64,0,0.0,16.5,2024-02-09 07:38:12
BAG-FL-2024-016070,FL-2024-016070,AA,DFW,HNL,73,73,0,0.0,20.1,2024-02-19 09:22:18
BAG-FL-2024-016080,FL-2024-016080,WN,DAL,AUS,104,104,0,0.0,17.9,2024-02-19 16:09:30
BAG-FL-2024-016090,FL-2024-016090,DL,DTW,SAN,125,122,3,2.4,22.0,2024-03-09 18:46:54
BAG-FL-2024-016100,FL-2024-016100,AA,DFW,IAH,83,83,0,0.0,22.2,2024-01-09 09:58:00
BAG-FL-2024-016110,FL-2024-016110,AA,DFW,LAX,30,30,0,0.0,15.3,2024-02-29 15:19:06
BAG-FL-2024-016120,FL-2024-016120,WN,LAX,HNL,93,93,0,0.0,19.1,2024-01-08 12:49:00
BAG-FL-2024-016130,FL-2024-016130,WN,DAL,DEN,72,72,0,0.0,18.5,2024-01-18 16:25:54
BAG-FL-2024-016140,FL-2024-016140,DL,MSP,LAS,52,52,0,0.0,19.5,2024-02-25 10:39:48
BAG-FL-2024-016150,FL-2024-016150,AA,CLT,MDW,31,31,0,0.0,18.3,2024-02-20 16:46:36
BAG-FL-2024-016160,FL-2024-016160,DL,BNA,DFW,52,52,0,0.0,19.0,2024-01-09 08:07:54
BAG-FL-2024-016170,FL-2024-016170,DL,ATL,PDX,104,104,0,0.0,21.5,2024-01-14 07:19:12
BAG-FL-2024-016180,FL-2024-016180,UA,ORD,IAD,53,51,2,3.77,17.2,2024-01-04 22:50:54
BAG-FL-2024-016190,FL-2024-016190,B6,BOS,SAN,102,102,0,0.0,17.7,2024-01-23 09:39:24
BAG-FL-2024-016200,FL-2024-016200,AS,CLT,LAS,48,45,3,6.25,26.0,2024-03-11 16:42:48
BAG-FL-2024-016210,FL-2024-016210,OO,PHX,SFO,42,39,3,7.14,19.3,2024-01-21 12:01:30
BAG-FL-2024-016220,FL-2024-016220,AS,FLL,ORD,75,75,0,0.0,18.1,2024-02-28 11:43:54
BAG-FL-2024-016230,FL-2024-016230,UA,LAS,LAX,59,59,0,0.0,17.4,2024-01-14 11:27:42
BAG-FL-2024-016240,FL-2024-016240,UA,ATL,TPA,127,127,0,0.0,18.4,2024-02-26 06:46:30
BAG-FL-2024-016250,FL-2024-016250,AA,DTW,DFW,110,110,0,0.0,24.3,2024-02-02 15:10:06
BAG-FL-2024-016260,FL-2024-016260,DL,ATL,HNL,86,86,0,0.0,19.4,2024-03-16 15:39:18
BAG-FL-2024-016270,FL-2024-016270,WN,DAL,MCO,53,53,0,0.0,14.0,2024-01-03 15:15:12
BAG-FL-2024-016280,FL-2024-016280,AA,BWI,EWR,50,50,0,0.0,15.0,2024-03-30 10:14:06
BAG-FL-2024-016290,FL-2024-016290,DL,ATL,JFK,36,36,0,0.0,22.6,2024-03-23 12:16:24
BAG-FL-2024-016300,FL-2024-016300,OO,SFO,HNL,26,26,0,0.0,17.7,2024-02-23 11:12:30
BAG-FL-2024-016310,FL-2024-016310,OO,SLC,IAD,48,48,0,0.0,19.9,2024-01-23 12:44:30
BAG-FL-2024-016330,FL-2024-016330,B6,JFK,MCO,78,78,0,0.0,19.3,2024-02-11 15:32:36
BAG-FL-2024-016340,FL-2024-016340,OO,SLC,DEN,44,44,0,0.0,15.1,2024-01-05 20:35:06
BAG-FL-2024-016350,FL-2024-016350,UA,ORD,IAH,51,51,0,0.0,17.6,2024-02-24 14:10:42
BAG-FL-2024-016360,FL-2024-016360,UA,ORD,FLL,126,126,0,0.0,17.6,2024-03-26 11:50:42
BAG-FL-2024-016370,FL-2024-016370,NK,FLL,DFW,130,127,3,2.31,15.4,2024-02-01 07:15:48
BAG-FL-2024-016380,FL-2024-016380,UA,MCO,PHX,67,67,0,0.0,21.9,2024-01-16 12:30:00
BAG-FL-2024-016390,FL-2024-016390,AA,STL,BWI,105,105,0,0.0,15.6,2024-02-27 09:17:42
BAG-FL-2024-016400,FL-2024-016400,UA,ORD,LAX,77,77,0,0.0,15.7,2024-01-19 06:37:18
BAG-FL-2024-016410,FL-2024-016410,AS,MDW,CLT,108,108,0,0.0,19.3,2024-01-05 10:54:36
BAG-FL-2024-016420,FL-2024-016420,AA,DFW,MCO,60,60,0,0.0,16.2,2024-03-18 15:02:12
BAG-FL-2024-016430,FL-2024-016430,UA,ATL,IAD,61,61,0,0.0,18.6,2024-02-13 08:47:54
BAG-FL-2024-016440,FL-2024-016440,UA,ORD,EWR,100,100,0,0.0,13.9,2024-02-09 14:26:12
BAG-FL-2024-016450,FL-2024-016450,AS,EWR,ORD,50,50,0,0.0,20.3,2024-03-06 11:37:30
BAG-FL-2024-016460,FL-2024-016460,OO,IAD,DFW,66,66,0,0.0,24.2,2024-01-24 10:44:00
BAG-FL-2024-016470,FL-2024-016470,AA,DFW,SAN,52,52,0,0.0,20.1,2024-01-03 13:21:48
BAG-FL-2024-016490,FL-2024-016490,OO,SLC,TPA,46,43,3,6.52,24.9,2024-02-08 20:01:24
BAG-FL-2024-016500,FL-2024-016500,AS,SEA,JFK,67,67,0,0.0,22.8,2024-02-06 11:03:36
BAG-FL-2024-016510,FL-2024-016510,NK,IAD,SEA,23,23,0,0.0,16.7,2024-01-06 20:39:42
BAG-FL-2024-016520,FL-2024-016520,WN,DAL,MIA,80,80,0,0.0,15.7,2024-01-05 15:29:48
BAG-FL-2024-016530,FL-2024-016530,DL,DFW,PDX,82,82,0,0.0,17.9,2024-03-30 14:37:36
BAG-FL-2024-016540,FL-2024-016540,DL,ATL,BOS,104,104,0,0.0,20.8,2024-03-16 17:29:36
BAG-FL-2024-016550,FL-2024-016550,DL,ATL,MCO,55,55,0,0.0,23.4,2024-01-09 20:51:12
BAG-FL-2024-016560,FL-2024-016560,WN,DAL,ORD,28,27,1,3.57,17.7,2024-03-05 19:11:36
BAG-FL-2024-016570,FL-2024-016570,DL,TPA,BOS,116,116,0,0.0,13.8,2024-01-08 20:56:00
BAG-FL-2024-016580,FL-2024-016580,AA,DFW,TPA,91,88,3,3.3,17.7,2024-01-22 12:55:30
BAG-FL-2024-016600,FL-2024-016600,WN,LAX,DAL,82,79,3,3.66,18.3,2024-01-17 18:25:24
BAG-FL-2024-016610,FL-2024-016610,B6,MDW,SLC,118,118,0,0.0,20.8,2024-01-18 17:47:12
BAG-FL-2024-016620,FL-2024-016620,OO,SLC,EWR,108,108,0,0.0,18.7,2024-01-09 08:33:12
BAG-FL-2024-016630,FL-2024-016630,AS,BOS,PHX,104,104,0,0.0,19.1,2024-02-06 14:53:54
BAG-FL-2024-016640,FL-2024-016640,DL,MIA,HNL,50,48,2,4.0,16.7,2024-02-12 16:29:24
BAG-FL-2024-016650,FL-2024-016650,OO,SLC,CLT,25,25,0,0.0,16.8,2024-01-20 12:22:48
BAG-FL-2024-016670,FL-2024-016670,AA,DFW,PHX,123,123,0,0.0,18.3,2024-03-28 17:32:48
BAG-FL-2024-016680,FL-2024-016680,WN,DAL,ORD,136,136,0,0.0,24.4,2024-03-15 10:15:12
BAG-FL-2024-016690,FL-2024-016690,AA,DFW,IAD,107,107,0,0.0,20.4,2024-03-27 21:49:00
BAG-FL-2024-016710,FL-2024-016710,B6,JFK,BNA,31,31,0,0.0,20.7,2024-01-26 11:56:24
BAG-FL-2024-016720,FL-2024-016720,WN,DAL,MSP,61,61,0,0.0,21.3,2024-03-01 18:32:36
BAG-FL-2024-016730,FL-2024-016730,AA,DFW,LAS,118,118,0,0.0,16.5,2024-01-16 08:47:30
BAG-FL-2024-016740,FL-2024-016740,NK,FLL,SEA,60,60,0,0.0,24.2,2024-02-02 10:45:30
BAG-FL-2024-016750,FL-2024-016750,UA,DFW,BWI,55,55,0,0.0,20.2,2024-03-24 16:31:12
BAG-FL-2024-016760,FL-2024-016760,WN,DAL,PDX,121,121,0,0.0,16.7,2024-02-22 13:13:54
BAG-FL-2024-016770,FL-2024-016770,AA,DFW,FLL,137,137,0,0.0,21.8,2024-02-24 15:02:30
BAG-FL-2024-016780,FL-2024-016780,AA,SEA,DFW,52,52,0,0.0,19.9,2024-02-02 18:38:30
BAG-FL-2024-016790,FL-2024-016790,UA,ORD,ATL,48,45,3,6.25,19.7,2024-01-05 13:28:36
BAG-FL-2024-016800,FL-2024-016800,OO,SLC,LAX,129,126,3,2.33,22.9,2024-02-05 08:53:00
BAG-FL-2024-016810,FL-2024-016810,AA,DFW,AUS,67,67,0,0.0,20.1,2024-02-13 21:08:24
BAG-FL-2024-016820,FL-2024-016820,UA,ORD,FLL,112,110,2,1.79,17.2,2024-01-29 14:21:36
BAG-FL-2024-016830,FL-2024-016830,DL,MSP,SEA,81,81,0,0.0,18.0,2024-02-12 10:38:42
BAG-FL-2024-016840,FL-2024-016840,WN,BNA,BWI,90,90,0,0.0,17.2,2024-02-05 12:49:48
BAG-FL-2024-016850,FL-2024-016850,OO,MSP,LAS,134,133,1,0.75,19.9,2024-01-12 13:11:30
BAG-FL-2024-016860,FL-2024-016860,DL,ATL,CLT,71,71,0,0.0,22.8,2024-02-18 15:55:00
BAG-FL-2024-016870,FL-2024-016870,DL,ATL,MIA,32,32,0,0.0,17.3,2024-03-15 17:14:48
BAG-FL-2024-016880,FL-2024-016880,AA,SLC,BOS,35,34,1,2.86,18.7,2024-01-31 18:23:30
BAG-FL-2024-016890,FL-2024-016890,WN,DAL,CLT,41,41,0,0.0,15.5,2024-02-14 19:02:18
BAG-FL-2024-016900,FL-2024-016900,OO,SLC,MDW,88,88,0,0.0,17.7,2024-01-08 11:05:42
BAG-FL-2024-016910,FL-2024-016910,AA,SLC,BOS,94,94,0,0.0,18.0,2024-02-02 13:52:06
BAG-FL-2024-016920,FL-2024-016920,NK,LAS,ATL,60,60,0,0.0,14.7,2024-03-26 15:17:36
BAG-FL-2024-016930,FL-2024-016930,WN,DAL,SEA,68,68,0,0.0,23.3,2024-03-03 16:10:30
BAG-FL-2024-016940,FL-2024-016940,OO,SLC,AUS,42,42,0,0.0,22.4,2024-03-01 10:47:48
BAG-FL-2024-016950,FL-2024-016950,UA,ORD,SAN,62,60,2,3.23,16.5,2024-01-11 17:47:36
BAG-FL-2024-016960,FL-2024-016960,UA,LAX,SFO,53,53,0,0.0,16.7,2024-01-15 19:46:06
BAG-FL-2024-016970,FL-2024-016970,WN,DAL,HNL,59,59,0,0.0,17.8,2024-03-11 17:20:48
BAG-FL-2024-016980,FL-2024-016980,WN,LAS,DFW,119,117,2,1.68,18.5,2024-03-24 18:29:06
BAG-FL-2024-016990,FL-2024-016990,UA,ORD,BNA,137,135,2,1.46,20.9,2024-01-16 17:40:00
BAG-FL-2024-017000,FL-2024-017000,UA,STL,AUS,43,43,0,0.0,14.9,2024-01-15 15:19:12
BAG-FL-2024-017010,FL-2024-017010,UA,IAH,SAN,113,113,0,0.0,16.2,2024-03-19 14:20:24
BAG-FL-2024-017020,FL-2024-017020,NK,MCO,BNA,77,77,0,0.0,16.0,2024-02-20 13:45:06
BAG-FL-2024-017030,FL-2024-017030,UA,BOS,SEA,34,34,0,0.0,22.3,2024-03-09 06:00:18
BAG-FL-2024-017040,FL-2024-017040,UA,ORD,LAS,128,128,0,0.0,17.9,2024-03-07 12:02:18
BAG-FL-2024-017050,FL-2024-017050,WN,SEA,EWR,68,68,0,0.0,18.6,2024-01-29 09:37:48
BAG-FL-2024-017060,FL-2024-017060,UA,ORD,BOS,53,53,0,0.0,15.9,2024-01-15 17:45:00
BAG-FL-2024-017070,FL-2024-017070,AA,BWI,EWR,133,133,0,0.0,17.5,2024-01-07 12:20:30
BAG-FL-2024-017080,FL-2024-017080,NK,LAX,FLL,34,33,1,2.94,16.6,2024-02-11 19:36:36
BAG-FL-2024-017090,FL-2024-017090,AA,MIA,DFW,61,61,0,0.0,19.3,2024-01-23 21:33:06
BAG-FL-2024-017100,FL-2024-017100,AS,SEA,SAN,53,53,0,0.0,19.1,2024-03-25 17:18:42
BAG-FL-2024-017110,FL-2024-017110,NK,PHX,DFW,128,128,0,0.0,21.0,2024-01-06 09:53:06
BAG-FL-2024-017120,FL-2024-017120,OO,DAL,BWI,44,44,0,0.0,16.9,2024-03-15 14:46:06
BAG-FL-2024-017130,FL-2024-017130,AA,DFW,MSP,36,35,1,2.78,17.2,2024-02-05 16:09:36
BAG-FL-2024-017140,FL-2024-017140,AS,TPA,AUS,117,117,0,0.0,21.9,2024-01-18 15:49:36
BAG-FL-2024-017150,FL-2024-017150,F9,DEN,DTW,93,93,0,0.0,20.7,2024-02-02 09:51:06
BAG-FL-2024-017160,FL-2024-017160,WN,SFO,MCO,70,70,0,0.0,19.3,2024-03-30 08:59:00
BAG-FL-2024-017170,FL-2024-017170,WN,DAL,MSP,98,98,0,0.0,21.3,2024-03-02 09:00:30
BAG-FL-2024-017180,FL-2024-017180,AA,DFW,ATL,50,50,0,0.0,22.3,2024-03-01 16:30:00
BAG-FL-2024-017190,FL-2024-017190,AA,DFW,DEN,32,29,3,9.38,18.2,2024-03-17 13:35:48
BAG-FL-2024-017200,FL-2024-017200,WN,DAL,SAN,48,48,0,0.0,17.0,2024-01-30 19:07:18
BAG-FL-2024-017210,FL-2024-017210,OO,SLC,STL,72,72,0,0.0,17.8,2024-02-02 12:53:00
BAG-FL-2024-017220,FL-2024-017220,AA,DFW,BOS,40,40,0,0.0,23.0,2024-03-17 22:17:00
BAG-FL-2024-017230,FL-2024-017230,OO,EWR,DTW,106,106,0,0.0,16.1,2024-02-08 19:43:30
BAG-FL-2024-017240,FL-2024-017240,DL,ATL,EWR,70,70,0,0.0,19.3,2024-03-06 14:16:24
BAG-FL-2024-017250,FL-2024-017250,DL,ATL,IAD,49,49,0,0.0,17.5,2024-03-28 14:25:30
BAG-FL-2024-017260,FL-2024-017260,UA,ORD,DAL,44,44,0,0.0,18.4,2024-02-05 10:59:00
BAG-FL-2024-017270,FL-2024-017270,UA,ORD,FLL,127,127,0,0.0,19.5,2024-02-15 06:08:00
BAG-FL-2024-017280,FL-2024-017280,DL,ATL,DTW,115,115,0,0.0,20.0,2024-03-08 19:52:00
BAG-FL-2024-017290,FL-2024-017290,WN,DAL,SLC,137,137,0,0.0,18.7,2024-02-15 20:19:12
BAG-FL-2024-017300,FL-2024-017300,AA,PHX,CLT,111,111,0,0.0,19.5,2024-03-08 14:17:18
BAG-FL-2024-017310,FL-2024-017310,WN,PHX,MDW,77,77,0,0.0,17.7,2024-03-15 19:52:12
BAG-FL-2024-017320,FL-2024-017320,B6,ATL,SFO,104,104,0,0.0,17.0,2024-03-19 14:22:42
BAG-FL-2024-017330,FL-2024-017330,OO,BNA,DFW,132,131,1,0.76,15.5,2024-01-01 19:43:36
BAG-FL-2024-017340,FL-2024-017340,UA,BNA,JFK,65,65,0,0.0,15.7,2024-03-02 10:00:30
BAG-FL-2024-017350,FL-2024-017350,WN,DTW,BNA,129,129,0,0.0,21.3,2024-01-06 13:17:06
BAG-FL-2024-017360,FL-2024-017360,OO,BWI,ATL,96,96,0,0.0,21.3,2024-01-16 11:20:54
BAG-FL-2024-017370,FL-2024-017370,NK,FLL,PHX,27,27,0,0.0,18.8,2024-03-04 14:22:36
BAG-FL-2024-017380,FL-2024-017380,AA,DFW,HNL,77,77,0,0.0,18.2,2024-03-09 17:59:36
BAG-FL-2024-017390,FL-2024-017390,OO,MIA,TPA,93,93,0,0.0,16.6,2024-01-03 17:01:30
BAG-FL-2024-017400,FL-2024-017400,AA,BNA,BWI,119,119,0,0.0,22.3,2024-02-07 16:58:12
BAG-FL-2024-017410,FL-2024-017410,NK,FLL,IAH,135,135,0,0.0,17.7,2024-03-17 14:43:24
BAG-FL-2024-017420,FL-2024-017420,DL,ATL,BOS,29,29,0,0.0,19.8,2024-03-12 08:42:24
BAG-FL-2024-017430,FL-2024-017430,WN,DAL,MDW,117,117,0,0.0,21.4,2024-01-07 15:29:30
BAG-FL-2024-017440,FL-2024-017440,DL,DEN,ORD,127,127,0,0.0,19.0,2024-03-14 17:08:24
BAG-FL-2024-017450,FL-2024-017450,DL,ATL,AUS,127,127,0,0.0,17.2,2024-02-28 17:22:30
BAG-FL-2024-017460,FL-2024-017460,UA,ORD,HNL,69,69,0,0.0,19.3,2024-02-25 14:08:42
BAG-FL-2024-017470,FL-2024-017470,UA,ORD,IAH,41,41,0,0.0,16.7,2024-03-10 12:51:12
BAG-FL-2024-017480,FL-2024-017480,UA,JFK,MSP,21,21,0,0.0,22.2,2024-02-06 08:39:24
BAG-FL-2024-017490,FL-2024-017490,B6,JFK,MSP,128,128,0,0.0,17.5,2024-02-20 15:08:18
BAG-FL-2024-017500,FL-2024-017500,AA,BWI,BNA,130,130,0,0.0,14.6,2024-03-11 16:48:18
BAG-FL-2024-017510,FL-2024-017510,AS,SEA,AUS,133,133,0,0.0,19.0,2024-03-15 07:23:54
BAG-FL-2024-017520,FL-2024-017520,OO,SLC,SEA,59,59,0,0.0,23.3,2024-03-26 15:24:42
BAG-FL-2024-017530,FL-2024-017530,UA,LAS,MDW,107,107,0,0.0,17.6,2024-01-29 15:13:30
BAG-FL-2024-017540,FL-2024-017540,UA,ORD,DEN,29,29,0,0.0,21.2,2024-02-29 15:55:54
BAG-FL-2024-017550,FL-2024-017550,AA,DFW,SLC,62,62,0,0.0,19.0,2024-03-10 17:15:48
BAG-FL-2024-017560,FL-2024-017560,AA,DFW,TPA,47,47,0,0.0,21.5,2024-02-23 10:37:00
BAG-FL-2024-017570,FL-2024-017570,AS,SEA,AUS,70,70,0,0.0,12.9,2024-03-21 10:50:54
BAG-FL-2024-017580,FL-2024-017580,AA,DFW,MCO,108,106,2,1.85,17.7,2024-03-10 13:20:48
BAG-FL-2024-017590,FL-2024-017590,AA,DFW,ORD,58,58,0,0.0,20.8,2024-03-22 13:01:00
BAG-FL-2024-017600,FL-2024-017600,UA,HNL,MSP,71,68,3,4.23,18.9,2024-02-02 11:21:54
BAG-FL-2024-017610,FL-2024-017610,DL,ATL,MCO,139,139,0,0.0,16.7,2024-01-30 12:17:54
BAG-FL-2024-017620,FL-2024-017620,AA,BNA,PHX,69,69,0,0.0,20.6,2024-01-02 20:00:30
BAG-FL-2024-017630,FL-2024-017630,AA,PHX,ATL,36,36,0,0.0,22.7,2024-02-02 09:36:48
BAG-FL-2024-017640,FL-2024-017640,WN,DAL,DEN,81,81,0,0.0,16.1,2024-01-12 13:04:36
BAG-FL-2024-017650,FL-2024-017650,DL,STL,AUS,89,89,0,0.0,18.3,2024-02-01 18:33:42
BAG-FL-2024-017660,FL-2024-017660,DL,BOS,SEA,78,78,0,0.0,15.1,2024-01-31 17:22:36
BAG-FL-2024-017670,FL-2024-017670,DL,DFW,DAL,125,125,0,0.0,18.9,2024-02-29 12:02:42
BAG-FL-2024-017680,FL-2024-017680,AA,DFW,TPA,61,61,0,0.0,20.9,2024-02-10 19:25:42
BAG-FL-2024-017690,FL-2024-017690,F9,DTW,SLC,63,63,0,0.0,18.6,2024-02-27 14:59:06
BAG-FL-2024-017700,FL-2024-017700,AS,ATL,SFO,20,20,0,0.0,19.8,2024-02-26 21:11:18
BAG-FL-2024-017710,FL-2024-017710,WN,EWR,LAX,45,45,0,0.0,18.4,2024-01-06 06:42:18
BAG-FL-2024-017720,FL-2024-017720,OO,SLC,TPA,66,66,0,0.0,15.0,2024-03-16 12:50:54
BAG-FL-2024-017730,FL-2024-017730,AS,SEA,STL,28,28,0,0.0,22.6,2024-01-23 07:57:30
BAG-FL-2024-017740,FL-2024-017740,UA,ORD,MCO,111,111,0,0.0,24.7,2024-02-05 17:36:54
BAG-FL-2024-017750,FL-2024-017750,DL,SEA,PDX,61,61,0,0.0,16.8,2024-02-15 17:50:42
BAG-FL-2024-017760,FL-2024-017760,WN,DAL,CLT,137,137,0,0.0,23.9,2024-02-14 11:58:48
BAG-FL-2024-017770,FL-2024-017770,WN,ATL,BNA,130,128,2,1.54,25.6,2024-02-22 17:35:54
BAG-FL-2024-017780,FL-2024-017780,UA,ORD,TPA,114,114,0,0.0,20.7,2024-01-05 08:21:42
BAG-FL-2024-017790,FL-2024-017790,B6,DEN,SAN,126,126,0,0.0,22.7,2024-01-19 14:28:00
BAG-FL-2024-017800,FL-2024-017800,B6,EWR,SEA,62,60,2,3.23,17.5,2024-01-22 19:42:54
BAG-FL-2024-017810,FL-2024-017810,DL,MSP,BNA,76,76,0,0.0,22.3,2024-02-23 15:01:06
BAG-FL-2024-017820,FL-2024-017820,UA,ORD,DEN,137,137,0,0.0,22.8,2024-03-01 15:50:12
BAG-FL-2024-017830,FL-2024-017830,AA,DFW,SAN,26,26,0,0.0,20.5,2024-02-23 09:19:06
BAG-FL-2024-017840,FL-2024-017840,NK,FLL,SFO,36,36,0,0.0,17.8,2024-02-14 18:05:06
BAG-FL-2024-017850,FL-2024-017850,UA,ATL,JFK,103,103,0,0.0,19.6,2024-02-12 14:41:54
BAG-FL-2024-017860,FL-2024-017860,UA,MIA,LAS,23,21,2,8.7,22.3,2024-03-08 13:03:06
BAG-FL-2024-017870,FL-2024-017870,DL,SEA,PDX,64,64,0,0.0,17.8,2024-02-28 16:39:24
BAG-FL-2024-017880,FL-2024-017880,AA,BNA,MSP,75,75,0,0.0,21.9,2024-01-01 20:28:24
BAG-FL-2024-017890,FL-2024-017890,WN,DAL,FLL,34,33,1,2.94,20.5,2024-03-10 17:12:00
BAG-FL-2024-017900,FL-2024-017900,WN,BOS,MCO,78,78,0,0.0,23.6,2024-02-22 07:25:12
BAG-FL-2024-017910,FL-2024-017910,F9,STL,MIA,71,71,0,0.0,26.8,2024-03-30 15:52:24
BAG-FL-2024-017920,FL-2024-017920,AA,DFW,DTW,21,21,0,0.0,25.0,2024-02-27 06:30:42
BAG-FL-2024-017930,FL-2024-017930,WN,DAL,MIA,40,40,0,0.0,19.6,2024-02-19 16:00:18
BAG-FL-2024-017940,FL-2024-017940,AA,IAH,BNA,53,53,0,0.0,13.9,2024-03-01 11:49:12
BAG-FL-2024-017950,FL-2024-017950,DL,ATL,MIA,119,119,0,0.0,21.3,2024-03-10 13:07:12
BAG-FL-2024-017960,FL-2024-017960,NK,FLL,CLT,75,75,0,0.0,21.4,2024-03-16 20:08:18
BAG-FL-2024-017970,FL-2024-017970,UA,IAH,IAD,67,67,0,0.0,19.7,2024-01-29 15:49:24
BAG-FL-2024-017980,FL-2024-017980,AA,DTW,SLC,121,121,0,0.0,21.0,2024-03-03 07:48:12
BAG-FL-2024-017990,FL-2024-017990,DL,ATL,PDX,123,123,0,0.0,18.7,2024-03-10 10:54:48
BAG-FL-2024-018000,FL-2024-018000,AA,MDW,ATL,63,63,0,0.0,13.6,2024-03-07 13:10:30
BAG-FL-2024-018010,FL-2024-018010,HA,LAS,MIA,21,21,0,0.0,20.2,2024-02-09 16:24:06
BAG-FL-2024-018020,FL-2024-018020,UA,ORD,AUS,87,87,0,0.0,15.3,2024-03-16 14:15:42
BAG-FL-2024-018030,FL-2024-018030,WN,DAL,JFK,112,112,0,0.0,16.5,2024-01-01 12:54:42
BAG-FL-2024-018040,FL-2024-018040,AA,DFW,AUS,20,20,0,0.0,23.4,2024-02-27 15:56:12
BAG-FL-2024-018050,FL-2024-018050,WN,DTW,ORD,130,130,0,0.0,20.5,2024-03-10 16:15:48
BAG-FL-2024-018060,FL-2024-018060,WN,DFW,SFO,24,24,0,0.0,22.4,2024-03-30 14:54:06
BAG-FL-2024-018070,FL-2024-018070,OO,SLC,DEN,104,104,0,0.0,21.2,2024-02-06 20:44:42
BAG-FL-2024-018090,FL-2024-018090,WN,DAL,SAN,140,140,0,0.0,20.1,2024-03-13 16:29:24
BAG-FL-2024-018100,FL-2024-018100,UA,ORD,FLL,69,69,0,0.0,19.6,2024-02-20 17:27:24
BAG-FL-2024-018110,FL-2024-018110,NK,FLL,PDX,97,97,0,0.0,14.2,2024-01-27 14:45:30
BAG-FL-2024-018120,FL-2024-018120,DL,SLC,CLT,132,132,0,0.0,17.0,2024-02-23 11:30:48
BAG-FL-2024-018130,FL-2024-018130,DL,ATL,BWI,79,79,0,0.0,17.3,2024-02-07 11:12:24
BAG-FL-2024-018140,FL-2024-018140,OO,MCO,MDW,113,113,0,0.0,19.7,2024-02-03 19:01:36
BAG-FL-2024-018150,FL-2024-018150,AS,ATL,EWR,129,128,1,0.78,17.9,2024-01-22 15:02:06
BAG-FL-2024-018160,FL-2024-018160,AA,DFW,ORD,45,45,0,0.0,20.7,2024-02-17 09:53:00
BAG-FL-2024-018170,FL-2024-018170,AA,DFW,MCO,38,38,0,0.0,17.2,2024-01-03 13:44:06
BAG-FL-2024-018180,FL-2024-018180,AA,MDW,LAS,95,95,0,0.0,23.3,2024-03-20 21:45:42
BAG-FL-2024-018190,FL-2024-018190,AA,PHX,DEN,50,50,0,0.0,22.2,2024-01-19 19:32:24
BAG-FL-2024-018200,FL-2024-018200,DL,LAX,PHX,117,117,0,0.0,17.6,2024-03-25 07:28:06
BAG-FL-2024-018210,FL-2024-018210,AA,DFW,MIA,70,70,0,0.0,19.2,2024-03-07 16:53:42
BAG-FL-2024-018220,FL-2024-018220,DL,BWI,PDX,24,24,0,0.0,14.5,2024-02-27 13:39:00
BAG-FL-2024-018230,FL-2024-018230,DL,ATL,TPA,78,78,0,0.0,22.4,2024-01-28 11:44:06
BAG-FL-2024-018240,FL-2024-018240,NK,CLT,DFW,72,72,0,0.0,22.9,2024-02-20 12:01:18
BAG-FL-2024-018260,FL-2024-018260,AA,BOS,MDW,72,72,0,0.0,15.0,2024-02-23 11:10:00
BAG-FL-2024-018270,FL-2024-018270,UA,DFW,FLL,33,33,0,0.0,14.6,2024-01-18 15:41:24
BAG-FL-2024-018280,FL-2024-018280,AA,IAD,FLL,58,58,0,0.0,19.8,2024-02-27 10:02:12
BAG-FL-2024-018290,FL-2024-018290,AA,DFW,JFK,21,21,0,0.0,20.5,2024-01-22 09:24:30
BAG-FL-2024-018310,FL-2024-018310,DL,PDX,SLC,53,52,1,1.89,16.5,2024-03-22 10:42:00
BAG-FL-2024-018320,FL-2024-018320,AA,IAH,EWR,128,128,0,0.0,20.3,2024-02-08 10:07:30
BAG-FL-2024-018330,FL-2024-018330,WN,AUS,BWI,119,119,0,0.0,17.2,2024-03-23 15:07:06
BAG-FL-2024-018340,FL-2024-018340,B6,JFK,ORD,94,94,0,0.0,21.8,2024-02-18 17:03:54
BAG-FL-2024-018360,FL-2024-018360,OO,MIA,FLL,65,65,0,0.0,19.1,2024-01-26 15:52:12
BAG-FL-2024-018370,FL-2024-018370,OO,ATL,FLL,103,103,0,0.0,17.8,2024-03-10 10:42:00
BAG-FL-2024-018380,FL-2024-018380,B6,JFK,LAS,51,51,0,0.0,22.7,2024-02-04 11:12:18
BAG-FL-2024-018390,FL-2024-018390,WN,MIA,MCO,133,130,3,2.26,18.5,2024-01-20 17:16:24
BAG-FL-2024-018400,FL-2024-018400,OO,EWR,SFO,113,113,0,0.0,18.7,2024-03-02 12:50:42
BAG-FL-2024-018410,FL-2024-018410,B6,MIA,DFW,62,62,0,0.0,20.7,2024-01-14 15:53:42
BAG-FL-2024-018420,FL-2024-018420,DL,ATL,FLL,99,99,0,0.0,19.1,2024-01-01 17:19:00
BAG-FL-2024-018430,FL-2024-018430,WN,DAL,IAD,34,34,0,0.0,19.2,2024-01-20 13:35:24
BAG-FL-2024-018440,FL-2024-018440,DL,DTW,FLL,127,127,0,0.0,20.0,2024-03-25 07:53:42
BAG-FL-2024-018460,FL-2024-018460,UA,DEN,BOS,31,31,0,0.0,21.9,2024-03-06 10:27:06
BAG-FL-2024-018470,FL-2024-018470,WN,MDW,SLC,86,86,0,0.0,18.9,2024-03-05 17:13:00
BAG-FL-2024-018480,FL-2024-018480,AA,DFW,PHX,76,76,0,0.0,21.2,2024-01-06 12:17:12
BAG-FL-2024-018500,FL-2024-018500,AA,DFW,SFO,78,78,0,0.0,22.2,2024-02-21 15:39:00
BAG-FL-2024-018510,FL-2024-018510,UA,ORD,TPA,69,69,0,0.0,16.8,2024-03-06 12:08:12
BAG-FL-2024-018520,FL-2024-018520,DL,ATL,DAL,132,132,0,0.0,19.1,2024-03-20 10:54:30
BAG-FL-2024-018530,FL-2024-018530,F9,DEN,DAL,61,61,0,0.0,14.6,2024-03-24 11:55:54
BAG-FL-2024-018540,FL-2024-018540,UA,ORD,AUS,79,79,0,0.0,19.9,2024-03-08 10:45:18
BAG-FL-2024-018550,FL-2024-018550,UA,ORD,BOS,32,32,0,0.0,18.9,2024-01-13 17:04:06
BAG-FL-2024-018560,FL-2024-018560,AS,FLL,BWI,103,103,0,0.0,17.1,2024-01-22 15:56:00
BAG-FL-2024-018570,FL-2024-018570,AA,DFW,SEA,120,120,0,0.0,16.5,2024-01-01 11:39:54
BAG-FL-2024-018580,FL-2024-018580,B6,JFK,ORD,30,29,1,3.33,15.1,2024-03-06 19:35:42
BAG-FL-2024-018590,FL-2024-018590,WN,LAS,MDW,117,117,0,0.0,19.3,2024-02-07 06:38:36
BAG-FL-2024-018600,FL-2024-018600,B6,ATL,MCO,98,98,0,0.0,18.9,2024-03-07 10:25:30
BAG-FL-2024-018610,FL-2024-018610,UA,CLT,DFW,111,111,0,0.0,19.4,2024-03-21 08:38:30
BAG-FL-2024-018620,FL-2024-018620,AA,SFO,SAN,28,28,0,0.0,15.9,2024-02-14 11:13:24
BAG-FL-2024-018630,FL-2024-018630,WN,DFW,LAS,54,54,0,0.0,15.9,2024-01-09 15:09:06
BAG-FL-2024-018640,FL-2024-018640,F9,DEN,SAN,105,105,0,0.0,14.5,2024-02-09 21:45:06
BAG-FL-2024-018650,FL-2024-018650,DL,DEN,MCO,61,61,0,0.0,18.7,2024-02-24 22:20:54
BAG-FL-2024-018660,FL-2024-018660,WN,DAL,SEA,124,124,0,0.0,19.1,2024-01-12 15:02:18
BAG-FL-2024-018670,FL-2024-018670,F9,PDX,SFO,100,100,0,0.0,24.9,2024-02-14 16:34:36
BAG-FL-2024-018680,FL-2024-018680,AA,DFW,DEN,56,56,0,0.0,16.7,2024-01-19 21:08:36
BAG-FL-2024-018690,FL-2024-018690,B6,HNL,SLC,21,21,0,0.0,16.8,2024-03-11 17:54:06
BAG-FL-2024-018700,FL-2024-018700,WN,STL,AUS,50,50,0,0.0,17.8,2024-01-15 13:06:54
BAG-FL-2024-018710,FL-2024-018710,DL,STL,DFW,27,27,0,0.0,17.3,2024-01-02 19:55:48
BAG-FL-2024-018720,FL-2024-018720,AA,DFW,MCO,26,26,0,0.0,17.3,2024-02-02 16:32:30
BAG-FL-2024-018730,FL-2024-018730,AA,IAH,PDX,42,42,0,0.0,22.2,2024-01-23 21:06:00
BAG-FL-2024-018740,FL-2024-018740,WN,SEA,EWR,40,40,0,0.0,17.4,2024-02-12 10:11:42
BAG-FL-2024-018750,FL-2024-018750,B6,JFK,DAL,104,104,0,0.0,19.0,2024-02-20 13:44:42
BAG-FL-2024-018760,FL-2024-018760,WN,BNA,PDX,74,74,0,0.0,24.2,2024-02-21 15:12:00
BAG-FL-2024-018770,FL-2024-018770,UA,ORD,EWR,118,118,0,0.0,18.5,2024-03-03 19:30:18
BAG-FL-2024-018780,FL-2024-018780,WN,DAL,DEN,135,132,3,2.22,17.6,2024-03-03 19:45:36
BAG-FL-2024-018790,FL-2024-018790,UA,PHX,HNL,41,41,0,0.0,18.0,2024-03-21 18:24:18
BAG-FL-2024-018800,FL-2024-018800,B6,PDX,DAL,57,57,0,0.0,22.1,2024-01-11 11:27:54
BAG-FL-2024-018810,FL-2024-018810,DL,ATL,DTW,36,36,0,0.0,18.1,2024-01-07 18:11:54
BAG-FL-2024-018820,FL-2024-018820,F9,DEN,MDW,62,62,0,0.0,17.2,2024-02-26 12:57:30
BAG-FL-2024-018830,FL-2024-018830,WN,MSP,DFW,33,33,0,0.0,15.6,2024-01-25 13:21:36
BAG-FL-2024-018840,FL-2024-018840,UA,ORD,IAD,60,60,0,0.0,22.8,2024-03-05 17:31:48
BAG-FL-2024-018850,FL-2024-018850,AA,DFW,SLC,65,63,2,3.08,20.4,2024-01-16 13:07:00
BAG-FL-2024-018860,FL-2024-018860,DL,ATL,DFW,63,63,0,0.0,15.3,2024-01-23 11:44:06
BAG-FL-2024-018870,FL-2024-018870,WN,DAL,HNL,79,79,0,0.0,19.4,2024-03-23 17:20:36
BAG-FL-2024-018880,FL-2024-018880,OO,SLC,AUS,66,66,0,0.0,22.5,2024-03-03 17:31:42
BAG-FL-2024-018890,FL-2024-018890,AA,JFK,SLC,90,90,0,0.0,22.5,2024-03-21 19:12:48
BAG-FL-2024-018900,FL-2024-018900,WN,SFO,EWR,69,69,0,0.0,16.7,2024-01-22 09:48:42
BAG-FL-2024-018910,FL-2024-018910,WN,LAS,MIA,41,41,0,0.0,14.4,2024-03-13 15:40:18
BAG-FL-2024-018920,FL-2024-018920,OO,AUS,DTW,63,63,0,0.0,15.2,2024-01-14 16:00:12
BAG-FL-2024-018930,FL-2024-018930,WN,AUS,STL,23,23,0,0.0,13.0,2024-02-21 17:27:12
BAG-FL-2024-018940,FL-2024-018940,AS,SEA,FLL,64,64,0,0.0,20.1,2024-02-16 17:06:18
BAG-FL-2024-018950,FL-2024-018950,AA,DFW,JFK,133,133,0,0.0,18.9,2024-02-19 18:57:42
BAG-FL-2024-018960,FL-2024-018960,WN,IAH,IAD,93,93,0,0.0,17.9,2024-03-18 11:52:24
BAG-FL-2024-018970,FL-2024-018970,AA,DFW,EWR,77,77,0,0.0,17.0,2024-03-03 15:54:18
BAG-FL-2024-018980,FL-2024-018980,AA,IAH,ORD,53,53,0,0.0,17.6,2024-01-05 15:35:54
BAG-FL-2024-018990,FL-2024-018990,AS,SEA,DFW,108,108,0,0.0,20.7,2024-01-29 19:51:48
BAG-FL-2024-019000,FL-2024-019000,WN,DAL,DTW,112,112,0,0.0,19.1,2024-03-12 16:06:42
BAG-FL-2024-019010,FL-2024-019010,WN,MSP,STL,106,106,0,0.0,19.4,2024-01-23 15:05:00
BAG-FL-2024-019020,FL-2024-019020,NK,FLL,SFO,21,21,0,0.0,18.4,2024-02-24 15:59:06
BAG-FL-2024-019030,FL-2024-019030,AS,IAH,DEN,31,31,0,0.0,22.0,2024-02-05 15:11:30
BAG-FL-2024-019040,FL-2024-019040,WN,IAD,IAH,63,63,0,0.0,18.2,2024-01-30 13:34:36
BAG-FL-2024-019050,FL-2024-019050,AS,SEA,AUS,136,136,0,0.0,17.5,2024-02-04 18:03:48
BAG-FL-2024-019060,FL-2024-019060,AA,MCO,MIA,29,28,1,3.45,20.0,2024-01-17 12:16:24
BAG-FL-2024-019070,FL-2024-019070,AS,SEA,HNL,119,119,0,0.0,14.2,2024-02-17 14:39:42
BAG-FL-2024-019080,FL-2024-019080,OO,SLC,SAN,22,22,0,0.0,16.5,2024-02-11 12:28:12
BAG-FL-2024-019090,FL-2024-019090,AS,DEN,IAD,68,68,0,0.0,19.6,2024-03-01 17:32:00
BAG-FL-2024-019100,FL-2024-019100,WN,DAL,ORD,129,129,0,0.0,22.7,2024-03-16 14:51:48
BAG-FL-2024-019110,FL-2024-019110,B6,SAN,DFW,119,119,0,0.0,22.7,2024-03-02 15:27:00
BAG-FL-2024-019120,FL-2024-019120,WN,BNA,SEA,82,82,0,0.0,14.6,2024-02-05 14:02:00
BAG-FL-2024-019130,FL-2024-019130,DL,ATL,LAX,20,20,0,0.0,14.8,2024-03-03 12:10:18
BAG-FL-2024-019140,FL-2024-019140,UA,ORD,LAX,82,82,0,0.0,20.4,2024-02-02 11:49:42
BAG-FL-2024-019150,FL-2024-019150,UA,EWR,HNL,129,129,0,0.0,20.0,2024-03-13 06:30:54
BAG-FL-2024-019160,FL-2024-019160,OO,SLC,DFW,48,48,0,0.0,15.1,2024-03-10 12:00:42
BAG-FL-2024-019170,FL-2024-019170,DL,ATL,HNL,24,21,3,12.5,19.2,2024-03-12 11:53:36
BAG-FL-2024-019180,FL-2024-019180,AA,DFW,MSP,47,47,0,0.0,18.5,2024-02-28 07:08:06
BAG-FL-2024-019190,FL-2024-019190,UA,ORD,LAS,49,49,0,0.0,16.0,2024-03-13 09:17:18
BAG-FL-2024-019200,FL-2024-019200,WN,MCO,LAX,123,123,0,0.0,19.5,2024-02-05 15:56:36
BAG-FL-2024-019210,FL-2024-019210,OO,EWR,TPA,116,116,0,0.0,19.8,2024-03-09 17:27:24
BAG-FL-2024-019220,FL-2024-019220,WN,IAD,SFO,25,25,0,0.0,21.2,2024-01-27 19:35:48
BAG-FL-2024-019230,FL-2024-019230,DL,TPA,IAH,88,88,0,0.0,19.4,2024-01-30 11:33:06
BAG-FL-2024-019240,FL-2024-019240,WN,DAL,IAH,47,47,0,0.0,13.6,2024-03-20 16:00:12
BAG-FL-2024-019250,FL-2024-019250,WN,BNA,MCO,115,115,0,0.0,18.1,2024-01-07 13:35:12
BAG-FL-2024-019260,FL-2024-019260,F9,DEN,EWR,99,96,3,3.03,21.6,2024-01-09 16:49:18
BAG-FL-2024-019270,FL-2024-019270,DL,ATL,DEN,125,125,0,0.0,18.3,2024-02-19 11:56:48
BAG-FL-2024-019280,FL-2024-019280,AA,DFW,PDX,23,23,0,0.0,19.6,2024-03-27 14:39:12
BAG-FL-2024-019290,FL-2024-019290,DL,DEN,CLT,126,126,0,0.0,18.4,2024-03-05 12:45:12
BAG-FL-2024-019300,FL-2024-019300,WN,LAS,JFK,59,56,3,5.08,19.1,2024-03-22 22:56:54
BAG-FL-2024-019310,FL-2024-019310,WN,DAL,MSP,50,50,0,0.0,22.6,2024-02-17 12:58:06
BAG-FL-2024-019320,FL-2024-019320,B6,EWR,MSP,61,61,0,0.0,17.6,2024-01-27 12:31:54
BAG-FL-2024-019330,FL-2024-019330,DL,ATL,SAN,24,24,0,0.0,18.9,2024-01-21 14:13:18
BAG-FL-2024-019340,FL-2024-019340,WN,DAL,LAX,85,85,0,0.0,22.8,2024-01-08 17:32:12
BAG-FL-2024-019350,FL-2024-019350,OO,MDW,ORD,47,47,0,0.0,17.2,2024-01-05 21:37:48
BAG-FL-2024-019360,FL-2024-019360,WN,DAL,LAS,56,56,0,0.0,14.9,2024-02-26 08:18:18
BAG-FL-2024-019370,FL-2024-019370,WN,PDX,PHX,117,117,0,0.0,17.2,2024-01-29 17:29:00
BAG-FL-2024-019380,FL-2024-019380,DL,STL,LAX,55,55,0,0.0,18.3,2024-02-23 22:33:30
BAG-FL-2024-019390,FL-2024-019390,NK,SEA,SLC,73,73,0,0.0,18.7,2024-02-19 13:01:24
BAG-FL-2024-019400,FL-2024-019400,AA,SEA,DTW,53,53,0,0.0,18.9,2024-02-21 10:40:06
BAG-FL-2024-019410,FL-2024-019410,DL,MIA,SAN,23,23,0,0.0,16.6,2024-02-13 12:59:12
BAG-FL-2024-019420,FL-2024-019420,OO,SLC,SEA,119,119,0,0.0,23.1,2024-03-04 08:15:54
BAG-FL-2024-019430,FL-2024-019430,AA,DFW,CLT,44,44,0,0.0,22.9,2024-01-18 14:32:06
BAG-FL-2024-019440,FL-2024-019440,OO,SLC,PHX,25,25,0,0.0,15.2,2024-03-25 12:11:30
BAG-FL-2024-019450,FL-2024-019450,AA,DFW,LAS,100,100,0,0.0,17.2,2024-02-08 07:53:36
BAG-FL-2024-019460,FL-2024-019460,AA,DFW,PHX,22,22,0,0.0,16.6,2024-02-27 20:19:30
BAG-FL-2024-019470,FL-2024-019470,WN,DAL,BOS,91,91,0,0.0,20.6,2024-03-03 06:11:30
BAG-FL-2024-019480,FL-2024-019480,DL,AUS,CLT,61,61,0,0.0,17.4,2024-03-12 18:46:54
BAG-FL-2024-019490,FL-2024-019490,WN,DAL,BWI,80,80,0,0.0,14.9,2024-01-18 09:56:30
BAG-FL-2024-019500,FL-2024-019500,WN,FLL,IAD,27,27,0,0.0,19.8,2024-01-27 12:43:18
BAG-FL-2024-019510,FL-2024-019510,AS,SEA,CLT,69,69,0,0.0,14.4,2024-01-16 15:30:18
BAG-FL-2024-019520,FL-2024-019520,AA,DFW,DAL,69,69,0,0.0,23.0,2024-03-21 16:00:54
BAG-FL-2024-019530,FL-2024-019530,OO,DEN,MDW,130,130,0,0.0,18.5,2024-01-09 17:44:48
BAG-FL-2024-019540,FL-2024-019540,AA,DAL,STL,22,22,0,0.0,15.7,2024-02-28 09:09:30
BAG-FL-2024-019550,FL-2024-019550,AA,FLL,JFK,59,59,0,0.0,16.5,2024-01-03 17:30:54
BAG-FL-2024-019560,FL-2024-019560,WN,DAL,PHX,137,137,0,0.0,18.7,2024-01-28 11:46:42
BAG-FL-2024-019570,FL-2024-019570,WN,SLC,DTW,38,38,0,0.0,21.7,2024-01-25 10:15:54
BAG-FL-2024-019580,FL-2024-019580,UA,ORD,BWI,95,95,0,0.0,17.7,2024-03-14 15:39:24
BAG-FL-2024-019590,FL-2024-019590,AA,DFW,EWR,64,64,0,0.0,17.1,2024-01-23 11:39:42
BAG-FL-2024-019610,FL-2024-019610,AA,DFW,MCO,71,71,0,0.0,23.2,2024-01-14 14:52:54
BAG-FL-2024-019620,FL-2024-019620,DL,ATL,MSP,40,40,0,0.0,22.1,2024-03-07 13:22:42
BAG-FL-2024-019630,FL-2024-019630,AS,HNL,PHX,88,88,0,0.0,17.3,2024-02-18 07:04:30
BAG-FL-2024-019640,FL-2024-019640,DL,ATL,PHX,128,126,2,1.56,18.2,2024-02-13 17:23:54
BAG-FL-2024-019650,FL-2024-019650,AA,DFW,SFO,107,107,0,0.0,21.2,2024-01-01 20:00:00
BAG-FL-2024-019660,FL-2024-019660,F9,DEN,JFK,93,90,3,3.23,14.5,2024-03-29 11:42:18
BAG-FL-2024-019670,FL-2024-019670,WN,DAL,ORD,96,96,0,0.0,22.1,2024-01-30 13:37:12
BAG-FL-2024-019680,FL-2024-019680,OO,SLC,LAX,82,79,3,3.66,22.5,2024-01-15 13:10:00
BAG-FL-2024-019690,FL-2024-019690,B6,SFO,ORD,22,22,0,0.0,18.1,2024-01-23 11:04:12
BAG-FL-2024-019700,FL-2024-019700,AA,DFW,DAL,51,51,0,0.0,20.8,2024-01-03 14:51:00
BAG-FL-2024-019710,FL-2024-019710,WN,DAL,PHX,48,47,1,2.08,13.5,2024-03-24 10:41:42
BAG-FL-2024-019720,FL-2024-019720,UA,ORD,DFW,31,31,0,0.0,16.0,2024-02-13 17:37:12
BAG-FL-2024-019730,FL-2024-019730,DL,FLL,SFO,25,25,0,0.0,21.7,2024-01-03 11:54:54
BAG-FL-2024-019740,FL-2024-019740,AS,DTW,ORD,53,53,0,0.0,19.2,2024-03-22 16:48:30
BAG-FL-2024-019750,FL-2024-019750,F9,MIA,PDX,98,98,0,0.0,21.4,2024-03-05 13:42:42
BAG-FL-2024-019760,FL-2024-019760,AA,ORD,MDW,99,99,0,0.0,16.5,2024-01-22 12:26:42
BAG-FL-2024-019770,FL-2024-019770,B6,JFK,SFO,30,30,0,0.0,16.3,2024-01-07 13:07:30
BAG-FL-2024-019780,FL-2024-019780,DL,AUS,SFO,102,102,0,0.0,14.9,2024-01-04 17:15:06
BAG-FL-2024-019790,FL-2024-019790,OO,SAN,BWI,117,117,0,0.0,18.2,2024-01-14 08:17:48
BAG-FL-2024-019800,FL-2024-019800,B6,FLL,PHX,123,123,0,0.0,16.5,2024-03-25 17:14:48
BAG-FL-2024-019810,FL-2024-019810,AA,DFW,SFO,114,114,0,0.0,20.7,2024-03-26 06:57:48
BAG-FL-2024-019820,FL-2024-019820,OO,SLC,BNA,68,68,0,0.0,18.8,2024-03-06 15:37:36
BAG-FL-2024-019830,FL-2024-019830,WN,DAL,MSP,118,118,0,0.0,20.7,2024-01-13 14:39:42
BAG-FL-2024-019840,FL-2024-019840,AS,PHX,DFW,72,72,0,0.0,13.2,2024-03-03 11:41:42
BAG-FL-2024-019850,FL-2024-019850,HA,CLT,BOS,138,138,0,0.0,19.5,2024-03-22 07:59:36
BAG-FL-2024-019860,FL-2024-019860,AA,BWI,SFO,70,70,0,0.0,22.1,2024-01-14 12:47:30
BAG-FL-2024-019870,FL-2024-019870,AA,DTW,LAX,25,25,0,0.0,18.2,2024-03-29 06:16:30
BAG-FL-2024-019880,FL-2024-019880,WN,DAL,CLT,87,87,0,0.0,19.0,2024-01-14 15:49:30
BAG-FL-2024-019890,FL-2024-019890,AS,BNA,IAD,84,84,0,0.0,19.5,2024-01-12 14:18:42
BAG-FL-2024-019900,FL-2024-019900,AA,DFW,BOS,31,31,0,0.0,18.3,2024-01-19 19:13:30
BAG-FL-2024-019910,FL-2024-019910,UA,ORD,SLC,20,20,0,0.0,23.5,2024-02-15 12:55:00
BAG-FL-2024-019920,FL-2024-019920,AA,TPA,MSP,35,35,0,0.0,20.7,2024-03-16 12:56:12
BAG-FL-2024-019930,FL-2024-019930,WN,IAD,FLL,51,51,0,0.0,21.8,2024-03-07 17:45:06
BAG-FL-2024-019940,FL-2024-019940,DL,CLT,LAS,81,81,0,0.0,16.4,2024-02-26 06:47:42
BAG-FL-2024-019950,FL-2024-019950,AA,DFW,ORD,69,69,0,0.0,18.7,2024-03-14 09:11:00
BAG-FL-2024-019960,FL-2024-019960,WN,SLC,TPA,131,131,0,0.0,23.2,2024-03-11 09:31:00
BAG-FL-2024-019970,FL-2024-019970,AA,BNA,STL,110,110,0,0.0,19.6,2024-01-11 13:22:18
BAG-FL-2024-019980,FL-2024-019980,DL,ATL,SEA,136,136,0,0.0,21.2,2024-03-24 16:14:06
BAG-FL-2024-019990,FL-2024-019990,WN,MDW,MCO,96,96,0,0.0,21.8,2024-03-13 17:59:48
BAG-FL-2024-020000,FL-2024-020000,OO,IAD,BOS,79,79,0,0.0,20.2,2024-03-15 11:47:54
BAG-FL-2024-020010,FL-2024-020010,UA,ORD,TPA,82,82,0,0.0,16.5,2024-01-11 13:21:30
BAG-FL-2024-020020,FL-2024-020020,OO,BOS,MIA,44,44,0,0.0,14.6,2024-02-26 13:49:48
BAG-FL-2024-020030,FL-2024-020030,WN,SAN,JFK,40,37,3,7.5,16.6,2024-01-07 17:18:06
BAG-FL-2024-020040,FL-2024-020040,AA,DFW,HNL,109,108,1,0.92,18.2,2024-03-19 11:15:36
BAG-FL-2024-020050,FL-2024-020050,WN,DAL,TPA,81,81,0,0.0,18.0,2024-02-17 16:31:24
BAG-FL-2024-020060,FL-2024-020060,DL,ATL,SEA,66,66,0,0.0,17.9,2024-01-06 12:23:24
BAG-FL-2024-020070,FL-2024-020070,UA,JFK,BOS,29,29,0,0.0,16.7,2024-01-09 10:19:18
BAG-FL-2024-020080,FL-2024-020080,UA,ORD,DTW,85,85,0,0.0,22.2,2024-02-21 11:12:18
BAG-FL-2024-020090,FL-2024-020090,AA,SFO,ATL,35,35,0,0.0,22.5,2024-02-28 14:49:18
BAG-FL-2024-020100,FL-2024-020100,UA,ORD,SLC,64,64,0,0.0,19.3,2024-02-04 12:18:42
BAG-FL-2024-020110,FL-2024-020110,AS,PDX,DAL,124,124,0,0.0,15.0,2024-03-13 11:30:48
BAG-FL-2024-020120,FL-2024-020120,DL,ATL,TPA,49,49,0,0.0,16.5,2024-01-27 09:19:36
BAG-FL-2024-020130,FL-2024-020130,WN,DAL,FLL,120,120,0,0.0,19.5,2024-03-03 16:03:54
BAG-FL-2024-020140,FL-2024-020140,UA,ORD,DAL,57,57,0,0.0,17.7,2024-03-09 20:03:12
BAG-FL-2024-020150,FL-2024-020150,AA,DFW,MCO,61,61,0,0.0,21.6,2024-03-04 10:55:36
BAG-FL-2024-020160,FL-2024-020160,UA,ORD,JFK,91,91,0,0.0,21.7,2024-02-10 18:44:00
BAG-FL-2024-020170,FL-2024-020170,UA,ORD,BOS,138,138,0,0.0,19.7,2024-03-26 09:41:48
BAG-FL-2024-020180,FL-2024-020180,AS,TPA,MSP,44,44,0,0.0,19.4,2024-03-19 13:08:24
BAG-FL-2024-020190,FL-2024-020190,WN,MSP,HNL,90,90,0,0.0,22.4,2024-02-08 19:47:24
BAG-FL-2024-020200,FL-2024-020200,B6,JFK,ORD,122,122,0,0.0,21.9,2024-02-24 15:18:42
BAG-FL-2024-020210,FL-2024-020210,UA,ORD,BNA,36,36,0,0.0,23.1,2024-03-08 10:42:18
BAG-FL-2024-020230,FL-2024-020230,OO,STL,PHX,81,81,0,0.0,18.3,2024-03-16 16:32:18
BAG-FL-2024-020240,FL-2024-020240,F9,DEN,LAS,53,53,0,0.0,25.2,2024-03-18 13:58:54
BAG-FL-2024-020250,FL-2024-020250,WN,MDW,IAD,138,138,0,0.0,16.6,2024-03-07 11:41:24
BAG-FL-2024-020260,FL-2024-020260,AA,DFW,LAS,100,97,3,3.0,23.0,2024-01-30 16:17:00
BAG-FL-2024-020270,FL-2024-020270,OO,SLC,DFW,103,103,0,0.0,18.3,2024-03-13 08:46:12
BAG-FL-2024-020280,FL-2024-020280,NK,FLL,CLT,51,51,0,0.0,17.9,2024-02-03 18:23:12
BAG-FL-2024-020290,FL-2024-020290,WN,DEN,IAD,134,134,0,0.0,20.7,2024-02-13 16:49:24
BAG-FL-2024-020300,FL-2024-020300,UA,TPA,PHX,50,50,0,0.0,22.9,2024-03-02 20:56:36
BAG-FL-2024-020310,FL-2024-020310,AA,PHX,FLL,25,25,0,0.0,16.5,2024-01-20 19:57:24
BAG-FL-2024-020320,FL-2024-020320,DL,ATL,LAX,119,119,0,0.0,15.9,2024-01-31 16:44:30
BAG-FL-2024-020330,FL-2024-020330,UA,DFW,EWR,99,99,0,0.0,18.8,2024-03-06 09:22:42
BAG-FL-2024-020340,FL-2024-020340,UA,DTW,IAD,91,88,3,3.3,21.2,2024-03-28 17:56:06
BAG-FL-2024-020350,FL-2024-020350,DL,ATL,BOS,56,56,0,0.0,18.9,2024-03-20 06:06:12
BAG-FL-2024-020360,FL-2024-020360,DL,ATL,MDW,110,110,0,0.0,15.8,2024-02-23 14:37:30
BAG-FL-2024-020370,FL-2024-020370,AA,MDW,PHX,115,115,0,0.0,15.2,2024-02-12 08:42:48
BAG-FL-2024-020380,FL-2024-020380,AA,STL,JFK,94,94,0,0.0,23.2,2024-03-16 17:34:00
BAG-FL-2024-020390,FL-2024-020390,DL,ATL,PHX,113,113,0,0.0,17.4,2024-03-08 10:30:42
BAG-FL-2024-020400,FL-2024-020400,DL,SAN,SEA,30,30,0,0.0,20.9,2024-03-08 09:25:18
BAG-FL-2024-020410,FL-2024-020410,OO,DTW,DAL,135,135,0,0.0,22.0,2024-01-21 13:15:54
BAG-FL-2024-020420,FL-2024-020420,B6,PDX,DTW,48,48,0,0.0,18.0,2024-01-22 08:13:00
BAG-FL-2024-020430,FL-2024-020430,AA,DFW,AUS,41,41,0,0.0,16.6,2024-02-09 09:41:24
BAG-FL-2024-020440,FL-2024-020440,OO,SLC,DTW,65,65,0,0.0,18.9,2024-01-10 06:23:54
BAG-FL-2024-020450,FL-2024-020450,WN,DAL,IAD,85,85,0,0.0,16.7,2024-01-06 12:01:00
BAG-FL-2024-020460,FL-2024-020460,OO,DFW,AUS,64,64,0,0.0,20.6,2024-01-31 14:31:42
BAG-FL-2024-020470,FL-2024-020470,UA,ORD,MIA,38,38,0,0.0,15.4,2024-01-01 15:12:18
BAG-FL-2024-020480,FL-2024-020480,DL,ATL,MDW,59,56,3,5.08,22.2,2024-03-24 17:08:06
BAG-FL-2024-020490,FL-2024-020490,WN,MDW,SAN,102,102,0,0.0,18.5,2024-01-01 10:42:42
BAG-FL-2024-020500,FL-2024-020500,AA,DFW,MDW,114,114,0,0.0,18.2,2024-02-15 15:07:06
BAG-FL-2024-020510,FL-2024-020510,UA,ORD,BNA,34,34,0,0.0,18.8,2024-01-29 12:48:18
BAG-FL-2024-020520,FL-2024-020520,DL,SLC,ORD,134,134,0,0.0,23.6,2024-03-17 15:03:12
BAG-FL-2024-020530,FL-2024-020530,OO,SLC,JFK,137,137,0,0.0,18.3,2024-01-24 08:27:06
BAG-FL-2024-020540,FL-2024-020540,NK,FLL,MCO,126,126,0,0.0,20.4,2024-01-05 16:18:30
BAG-FL-2024-020550,FL-2024-020550,UA,ORD,IAH,53,53,0,0.0,16.8,2024-02-14 16:02:42
BAG-FL-2024-020560,FL-2024-020560,DL,ATL,MSP,128,125,3,2.34,20.9,2024-03-13 00:29:54
BAG-FL-2024-020570,FL-2024-020570,DL,ATL,LAS,30,30,0,0.0,18.6,2024-02-07 17:47:48
BAG-FL-2024-020580,FL-2024-020580,WN,DAL,ATL,47,47,0,0.0,14.7,2024-03-14 15:10:06
BAG-FL-2024-020590,FL-2024-020590,NK,JFK,BNA,22,22,0,0.0,19.3,2024-02-14 15:24:54
BAG-FL-2024-020600,FL-2024-020600,WN,DAL,DEN,88,88,0,0.0,17.2,2024-02-04 11:03:54
BAG-FL-2024-020610,FL-2024-020610,UA,PDX,ATL,25,25,0,0.0,21.9,2024-03-25 17:55:06
BAG-FL-2024-020620,FL-2024-020620,WN,SAN,SEA,127,127,0,0.0,20.2,2024-03-24 12:30:30
BAG-FL-2024-020630,FL-2024-020630,DL,ATL,FLL,87,87,0,0.0,19.3,2024-03-30 07:37:30
BAG-FL-2024-020640,FL-2024-020640,WN,SAN,DEN,23,23,0,0.0,16.5,2024-02-17 14:45:36
BAG-FL-2024-020650,FL-2024-020650,WN,DAL,MIA,96,96,0,0.0,19.6,2024-01-09 13:02:18
BAG-FL-2024-020660,FL-2024-020660,AS,SEA,AUS,93,93,0,0.0,19.7,2024-01-28 10:11:36
BAG-FL-2024-020670,FL-2024-020670,AA,LAX,ATL,32,32,0,0.0,19.0,2024-02-11 13:04:06
BAG-FL-2024-020680,FL-2024-020680,AA,SAN,AUS,101,99,2,1.98,19.8,2024-01-30 15:21:54
BAG-FL-2024-020690,FL-2024-020690,NK,FLL,MSP,118,115,3,2.54,22.0,2024-01-11 22:41:30
BAG-FL-2024-020700,FL-2024-020700,UA,ORD,DFW,46,46,0,0.0,19.5,2024-03-04 12:03:06
BAG-FL-2024-020710,FL-2024-020710,UA,ORD,PHX,25,25,0,0.0,17.9,2024-03-14 12:01:42
BAG-FL-2024-020720,FL-2024-020720,OO,MSP,AUS,98,95,3,3.06,19.6,2024-01-02 20:17:00
BAG-FL-2024-020730,FL-2024-020730,AA,SLC,PDX,28,28,0,0.0,16.9,2024-03-01 13:32:36
BAG-FL-2024-020740,FL-2024-020740,DL,ATL,DEN,73,73,0,0.0,23.2,2024-02-14 11:05:12
BAG-FL-2024-020750,FL-2024-020750,DL,ATL,DTW,98,98,0,0.0,17.3,2024-01-09 12:51:06
BAG-FL-2024-020760,FL-2024-020760,UA,BOS,MDW,51,51,0,0.0,23.4,2024-01-03 15:17:48
BAG-FL-2024-020770,FL-2024-020770,B6,IAD,SFO,37,37,0,0.0,21.1,2024-02-07 15:36:12
BAG-FL-2024-020780,FL-2024-020780,AA,SLC,TPA,68,68,0,0.0,20.1,2024-01-31 11:27:18
BAG-FL-2024-020790,FL-2024-020790,WN,SFO,SEA,62,62,0,0.0,19.7,2024-02-16 10:45:12
BAG-FL-2024-020800,FL-2024-020800,AA,DFW,PDX,51,51,0,0.0,20.5,2024-03-28 09:25:06
BAG-FL-2024-020810,FL-2024-020810,DL,CLT,SEA,62,62,0,0.0,21.1,2024-02-01 11:58:24
BAG-FL-2024-020820,FL-2024-020820,DL,ATL,TPA,57,57,0,0.0,20.7,2024-02-22 10:40:42
BAG-FL-2024-020830,FL-2024-020830,OO,BWI,MIA,111,111,0,0.0,21.8,2024-03-11 11:40:48
BAG-FL-2024-020850,FL-2024-020850,WN,IAD,EWR,27,27,0,0.0,16.5,2024-03-25 14:39:54
BAG-FL-2024-020860,FL-2024-020860,DL,ATL,BOS,119,119,0,0.0,19.6,2024-01-13 14:38:54
BAG-FL-2024-020870,FL-2024-020870,DL,ATL,BWI,53,53,0,0.0,15.7,2024-01-03 12:14:30
BAG-FL-2024-020880,FL-2024-020880,AA,MDW,BWI,126,126,0,0.0,21.8,2024-01-07 11:02:36
BAG-FL-2024-020890,FL-2024-020890,OO,SLC,PHX,28,28,0,0.0,18.3,2024-01-20 14:44:42
BAG-FL-2024-020900,FL-2024-020900,WN,DAL,ATL,135,132,3,2.22,20.7,2024-03-06 13:40:54
BAG-FL-2024-020910,FL-2024-020910,HA,IAD,PHX,71,71,0,0.0,18.1,2024-03-02 12:13:18
BAG-FL-2024-020920,FL-2024-020920,OO,SLC,BOS,76,76,0,0.0,21.2,2024-02-08 10:52:12
BAG-FL-2024-020930,FL-2024-020930,UA,ORD,EWR,77,77,0,0.0,16.5,2024-02-01 12:36:48
BAG-FL-2024-020940,FL-2024-020940,WN,BNA,LAS,91,91,0,0.0,17.9,2024-02-16 13:18:18
BAG-FL-2024-020950,FL-2024-020950,AS,SEA,MIA,67,67,0,0.0,16.9,2024-03-13 10:13:48
BAG-FL-2024-020960,FL-2024-020960,WN,DAL,BOS,88,88,0,0.0,18.1,2024-01-02 15:48:54
BAG-FL-2024-020970,FL-2024-020970,OO,SEA,PHX,124,123,1,0.81,22.0,2024-03-28 08:29:24
BAG-FL-2024-020980,FL-2024-020980,DL,ATL,MIA,94,94,0,0.0,16.4,2024-02-18 11:57:24
BAG-FL-2024-020990,FL-2024-020990,AA,MCO,ATL,24,24,0,0.0,20.3,2024-01-09 11:45:48
BAG-FL-2024-021000,FL-2024-021000,UA,JFK,FLL,115,115,0,0.0,16.2,2024-02-17 09:35:48
BAG-FL-2024-021010,FL-2024-021010,UA,TPA,JFK,72,72,0,0.0,13.6,2024-01-18 14:56:30
BAG-FL-2024-021020,FL-2024-021020,F9,DEN,HNL,88,88,0,0.0,18.9,2024-03-08 12:44:12
BAG-FL-2024-021030,FL-2024-021030,UA,ORD,MCO,118,118,0,0.0,14.3,2024-01-22 12:00:00
BAG-FL-2024-021050,FL-2024-021050,AS,SEA,LAS,122,122,0,0.0,21.6,2024-02-01 19:43:54
BAG-FL-2024-021060,FL-2024-021060,UA,DEN,MCO,55,55,0,0.0,23.9,2024-02-08 18:03:48
BAG-FL-2024-021070,FL-2024-021070,OO,DTW,LAX,70,70,0,0.0,15.7,2024-01-01 17:19:06
BAG-FL-2024-021080,FL-2024-021080,AA,AUS,SAN,89,89,0,0.0,18.6,2024-02-05 14:33:48
BAG-FL-2024-021090,FL-2024-021090,WN,DAL,BWI,49,49,0,0.0,19.0,2024-02-19 19:04:54
BAG-FL-2024-021100,FL-2024-021100,OO,JFK,DEN,81,81,0,0.0,16.2,2024-03-24 11:28:12
BAG-FL-2024-021110,FL-2024-021110,AA,LAX,BNA,74,74,0,0.0,19.0,2024-03-27 18:51:12
BAG-FL-2024-021120,FL-2024-021120,AA,PDX,JFK,41,41,0,0.0,20.5,2024-03-17 12:15:48
BAG-FL-2024-021130,FL-2024-021130,WN,DAL,FLL,40,40,0,0.0,15.1,2024-01-10 13:20:18
BAG-FL-2024-021140,FL-2024-021140,NK,FLL,BNA,130,130,0,0.0,24.2,2024-01-04 10:05:12
BAG-FL-2024-021150,FL-2024-021150,DL,MIA,HNL,97,97,0,0.0,24.3,2024-03-03 09:36:48
BAG-FL-2024-021160,FL-2024-021160,UA,ORD,DFW,39,39,0,0.0,16.9,2024-02-27 12:06:30
BAG-FL-2024-021180,FL-2024-021180,DL,IAH,STL,68,68,0,0.0,21.0,2024-01-01 14:56:48
BAG-FL-2024-021190,FL-2024-021190,WN,BWI,PDX,107,107,0,0.0,19.4,2024-01-11 15:50:54
BAG-FL-2024-021200,FL-2024-021200,UA,ORD,FLL,93,93,0,0.0,20.8,2024-02-09 06:21:12
BAG-FL-2024-021210,FL-2024-021210,WN,DAL,LAS,77,77,0,0.0,18.3,2024-02-29 15:29:24
BAG-FL-2024-021220,FL-2024-021220,DL,ATL,LAX,59,59,0,0.0,15.5,2024-01-29 14:55:06
BAG-FL-2024-021230,FL-2024-021230,WN,DAL,SLC,64,64,0,0.0,16.6,2024-01-02 13:17:36
BAG-FL-2024-021240,FL-2024-021240,WN,HNL,ATL,36,36,0,0.0,18.8,2024-03-16 16:20:42
BAG-FL-2024-021250,FL-2024-021250,UA,STL,PHX,23,20,3,13.04,15.0,2024-02-19 14:02:48
BAG-FL-2024-021260,FL-2024-021260,AA,BOS,BNA,73,73,0,0.0,18.3,2024-02-18 21:10:54
BAG-FL-2024-021270,FL-2024-021270,NK,FLL,JFK,26,26,0,0.0,19.2,2024-01-17 11:58:24
BAG-FL-2024-021280,FL-2024-021280,B6,JFK,SAN,51,51,0,0.0,17.6,2024-01-24 17:16:24
BAG-FL-2024-021290,FL-2024-021290,OO,FLL,ORD,138,138,0,0.0,18.2,2024-01-28 13:01:42
BAG-FL-2024-021300,FL-2024-021300,OO,LAX,JFK,88,88,0,0.0,21.6,2024-02-27 13:27:24
BAG-FL-2024-021310,FL-2024-021310,UA,CLT,SFO,115,115,0,0.0,18.5,2024-03-26 15:28:24
BAG-FL-2024-021320,FL-2024-021320,B6,LAS,ORD,24,24,0,0.0,22.9,2024-03-06 18:50:48
BAG-FL-2024-021330,FL-2024-021330,OO,SLC,PDX,93,93,0,0.0,15.5,2024-02-24 18:58:18
BAG-FL-2024-021340,FL-2024-021340,DL,ATL,DAL,117,117,0,0.0,19.6,2024-03-06 17:16:12
BAG-FL-2024-021350,FL-2024-021350,WN,DAL,IAD,28,28,0,0.0,23.0,2024-02-04 17:17:24
BAG-FL-2024-021360,FL-2024-021360,AA,ATL,SAN,94,94,0,0.0,23.5,2024-02-08 20:17:48
BAG-FL-2024-021370,FL-2024-021370,UA,SFO,CLT,109,109,0,0.0,23.3,2024-02-08 16:41:00
BAG-FL-2024-021380,FL-2024-021380,WN,DAL,LAX,89,89,0,0.0,14.4,2024-01-06 10:01:48
BAG-FL-2024-021390,FL-2024-021390,DL,MIA,IAD,52,52,0,0.0,15.9,2024-02-10 19:11:12
BAG-FL-2024-021400,FL-2024-021400,UA,ORD,EWR,28,28,0,0.0,22.9,2024-02-26 15:28:18
BAG-FL-2024-021420,FL-2024-021420,WN,DAL,LAX,24,24,0,0.0,17.7,2024-03-24 15:52:54
BAG-FL-2024-021430,FL-2024-021430,WN,LAX,ORD,122,122,0,0.0,19.2,2024-01-19 12:22:48
BAG-FL-2024-021440,FL-2024-021440,AA,DFW,DAL,44,44,0,0.0,18.4,2024-02-14 12:08:00
BAG-FL-2024-021450,FL-2024-021450,UA,STL,EWR,21,21,0,0.0,16.2,2024-01-29 15:25:00
BAG-FL-2024-021460,FL-2024-021460,OO,MDW,FLL,64,64,0,0.0,17.8,2024-02-14 16:46:30
BAG-FL-2024-021470,FL-2024-021470,AA,DFW,PDX,29,29,0,0.0,20.9,2024-01-23 22:42:36
BAG-FL-2024-021480,FL-2024-021480,B6,JFK,LAS,88,88,0,0.0,20.2,2024-02-28 14:34:06
BAG-FL-2024-021490,FL-2024-021490,WN,MCO,ATL,53,53,0,0.0,18.1,2024-03-12 07:39:00
BAG-FL-2024-021500,FL-2024-021500,DL,MSP,SFO,74,73,1,1.35,18.8,2024-01-31 09:12:30
BAG-FL-2024-021510,FL-2024-021510,AA,PHX,AUS,50,50,0,0.0,23.0,2024-02-22 07:28:24
BAG-FL-2024-021520,FL-2024-021520,UA,MIA,PHX,70,70,0,0.0,17.8,2024-01-23 11:14:54
BAG-FL-2024-021530,FL-2024-021530,WN,DAL,ATL,132,132,0,0.0,17.7,2024-03-02 15:09:30
BAG-FL-2024-021540,FL-2024-021540,UA,AUS,DAL,27,27,0,0.0,20.8,2024-02-28 14:12:42
BAG-FL-2024-021550,FL-2024-021550,DL,ATL,MIA,122,122,0,0.0,18.3,2024-03-09 07:29:30
BAG-FL-2024-021560,FL-2024-021560,DL,PHX,STL,97,97,0,0.0,19.4,2024-03-07 22:56:18
BAG-FL-2024-021570,FL-2024-021570,AA,DFW,BWI,41,41,0,0.0,21.9,2024-02-26 09:05:36
BAG-FL-2024-021590,FL-2024-021590,UA,STL,BWI,65,65,0,0.0,18.8,2024-01-06 20:53:24
BAG-FL-2024-021600,FL-2024-021600,B6,AUS,BWI,76,76,0,0.0,20.1,2024-01-21 15:01:24
BAG-FL-2024-021610,FL-2024-021610,OO,SLC,STL,49,49,0,0.0,16.2,2024-03-03 12:50:24
BAG-FL-2024-021620,FL-2024-021620,WN,IAH,PHX,136,136,0,0.0,18.5,2024-03-24 11:35:42
BAG-FL-2024-021630,FL-2024-021630,F9,HNL,BOS,22,22,0,0.0,19.2,2024-01-03 15:00:12
BAG-FL-2024-021640,FL-2024-021640,UA,PHX,IAD,95,95,0,0.0,19.6,2024-02-27 10:07:48
BAG-FL-2024-021650,FL-2024-021650,AS,DEN,DTW,24,24,0,0.0,18.9,2024-03-04 16:14:36
BAG-FL-2024-021660,FL-2024-021660,HA,HNL,SFO,22,22,0,0.0,15.7,2024-01-21 13:24:54
BAG-FL-2024-021670,FL-2024-021670,UA,ORD,BWI,126,124,2,1.59,20.4,2024-03-28 19:43:42
BAG-FL-2024-021680,FL-2024-021680,OO,EWR,MCO,73,73,0,0.0,19.2,2024-02-29 13:21:00
BAG-FL-2024-021690,FL-2024-021690,OO,IAH,BWI,95,95,0,0.0,21.4,2024-02-17 09:23:42
BAG-FL-2024-021700,FL-2024-021700,DL,TPA,SEA,120,120,0,0.0,21.8,2024-02-22 12:51:36
BAG-FL-2024-021710,FL-2024-021710,AS,SEA,DFW,69,69,0,0.0,18.1,2024-01-10 13:32:54
BAG-FL-2024-021720,FL-2024-021720,AA,MIA,TPA,117,117,0,0.0,13.3,2024-01-19 16:14:54
BAG-FL-2024-021730,FL-2024-021730,B6,EWR,ORD,97,97,0,0.0,18.8,2024-02-27 18:46:42
BAG-FL-2024-021740,FL-2024-021740,AA,DFW,BWI,51,51,0,0.0,20.0,2024-01-03 10:17:24
BAG-FL-2024-021750,FL-2024-021750,UA,ORD,ATL,73,73,0,0.0,22.7,2024-02-20 11:15:48
BAG-FL-2024-021760,FL-2024-021760,OO,CLT,TPA,94,94,0,0.0,15.7,2024-01-24 07:38:18
BAG-FL-2024-021770,FL-2024-021770,F9,MIA,MDW,53,52,1,1.89,17.6,2024-02-29 14:21:30
BAG-FL-2024-021780,FL-2024-021780,DL,CLT,EWR,108,108,0,0.0,18.4,2024-03-18 11:03:18
BAG-FL-2024-021790,FL-2024-021790,DL,ATL,BOS,90,90,0,0.0,17.0,2024-01-07 10:17:48
BAG-FL-2024-021800,FL-2024-021800,UA,EWR,SEA,21,21,0,0.0,20.4,2024-01-16 16:16:18
BAG-FL-2024-021810,FL-2024-021810,UA,ORD,SEA,45,45,0,0.0,24.4,2024-02-07 13:50:18
BAG-FL-2024-021820,FL-2024-021820,DL,DFW,DAL,105,105,0,0.0,17.8,2024-02-04 10:15:06
BAG-FL-2024-021830,FL-2024-021830,AA,DFW,JFK,52,52,0,0.0,18.6,2024-01-15 17:20:24
BAG-FL-2024-021840,FL-2024-021840,AS,TPA,MCO,73,72,1,1.37,11.6,2024-02-21 11:45:36
BAG-FL-2024-021850,FL-2024-021850,AS,SEA,LAX,47,47,0,0.0,15.8,2024-03-11 16:44:06
BAG-FL-2024-021860,FL-2024-021860,AS,PHX,HNL,77,77,0,0.0,17.9,2024-03-22 19:44:48
BAG-FL-2024-021870,FL-2024-021870,UA,IAD,MCO,62,62,0,0.0,18.7,2024-01-13 12:51:06
BAG-FL-2024-021880,FL-2024-021880,AS,SEA,IAH,28,28,0,0.0,19.7,2024-01-24 15:43:48
BAG-FL-2024-021890,FL-2024-021890,OO,MCO,SLC,21,18,3,14.29,17.3,2024-03-13 09:20:48
BAG-FL-2024-021900,FL-2024-021900,DL,MCO,MIA,74,71,3,4.05,22.2,2024-03-08 21:42:06
BAG-FL-2024-021910,FL-2024-021910,B6,JFK,SEA,57,57,0,0.0,20.3,2024-01-19 17:08:42
BAG-FL-2024-021920,FL-2024-021920,UA,JFK,BWI,97,97,0,0.0,20.0,2024-01-23 10:09:06
BAG-FL-2024-021930,FL-2024-021930,OO,SFO,LAX,49,49,0,0.0,14.1,2024-01-22 06:18:06
BAG-FL-2024-021940,FL-2024-021940,B6,STL,ORD,67,67,0,0.0,20.4,2024-03-05 19:58:30
BAG-FL-2024-021950,FL-2024-021950,F9,CLT,MCO,51,51,0,0.0,21.6,2024-02-08 17:21:54
BAG-FL-2024-021960,FL-2024-021960,B6,JFK,PDX,53,53,0,0.0,19.2,2024-01-24 13:12:12
BAG-FL-2024-021970,FL-2024-021970,AA,DFW,MDW,109,107,2,1.83,15.4,2024-02-20 14:20:48
BAG-FL-2024-021980,FL-2024-021980,AA,DFW,DEN,42,42,0,0.0,15.7,2024-03-25 10:23:12
BAG-FL-2024-021990,FL-2024-021990,AS,SEA,AUS,103,103,0,0.0,17.5,2024-02-08 10:42:06
BAG-FL-2024-022000,FL-2024-022000,DL,MSP,BWI,37,37,0,0.0,19.6,2024-03-22 16:25:36
BAG-FL-2024-022010,FL-2024-022010,DL,ATL,SEA,61,61,0,0.0,18.4,2024-03-26 13:51:18
BAG-FL-2024-022020,FL-2024-022020,AA,MIA,BWI,94,94,0,0.0,16.3,2024-03-26 08:33:54
BAG-FL-2024-022030,FL-2024-022030,UA,ORD,BOS,102,100,2,1.96,19.4,2024-01-05 21:28:18
BAG-FL-2024-022040,FL-2024-022040,WN,BWI,BOS,106,106,0,0.0,18.9,2024-01-22 08:51:24
BAG-FL-2024-022060,FL-2024-022060,DL,ATL,AUS,102,99,3,2.94,14.2,2024-01-02 19:46:36
BAG-FL-2024-022070,FL-2024-022070,AS,SEA,IAH,35,35,0,0.0,18.2,2024-02-04 18:24:06
BAG-FL-2024-022080,FL-2024-022080,WN,DAL,IAH,77,77,0,0.0,22.6,2024-02-27 06:22:24
BAG-FL-2024-022090,FL-2024-022090,UA,CLT,DAL,122,122,0,0.0,14.6,2024-02-15 18:37:18
BAG-FL-2024-022100,FL-2024-022100,AA,DFW,IAD,40,40,0,0.0,22.8,2024-03-21 15:19:12
BAG-FL-2024-022110,FL-2024-022110,AA,DTW,MIA,49,49,0,0.0,15.2,2024-02-07 09:01:00
BAG-FL-2024-022120,FL-2024-022120,OO,SFO,BNA,130,130,0,0.0,18.4,2024-01-01 15:01:36
BAG-FL-2024-022130,FL-2024-022130,OO,SLC,STL,65,65,0,0.0,15.2,2024-01-13 16:43:54
BAG-FL-2024-022140,FL-2024-022140,DL,AUS,SLC,26,26,0,0.0,26.1,2024-03-11 18:34:06
BAG-FL-2024-022150,FL-2024-022150,UA,HNL,SFO,104,101,3,2.88,14.2,2024-02-07 20:19:24
BAG-FL-2024-022160,FL-2024-022160,WN,JFK,BOS,78,78,0,0.0,21.8,2024-02-15 14:26:24
BAG-FL-2024-022170,FL-2024-022170,AS,SEA,STL,76,76,0,0.0,20.2,2024-03-09 12:43:06
BAG-FL-2024-022180,FL-2024-022180,AA,DFW,FLL,108,108,0,0.0,21.3,2024-03-07 18:57:12
BAG-FL-2024-022190,FL-2024-022190,UA,ORD,EWR,102,102,0,0.0,18.5,2024-01-23 10:10:36
BAG-FL-2024-022200,FL-2024-022200,DL,BWI,ORD,43,43,0,0.0,17.0,2024-03-12 09:14:30
BAG-FL-2024-022210,FL-2024-022210,DL,ATL,PDX,110,110,0,0.0,17.5,2024-03-23 13:08:36
BAG-FL-2024-022220,FL-2024-022220,DL,HNL,TPA,76,76,0,0.0,22.7,2024-03-08 14:05:48
BAG-FL-2024-022230,FL-2024-022230,UA,DFW,BWI,78,78,0,0.0,20.3,2024-03-09 22:36:42
BAG-FL-2024-022240,FL-2024-022240,UA,ORD,DAL,122,122,0,0.0,17.0,2024-02-19 18:45:36
BAG-FL-2024-022250,FL-2024-022250,AA,DFW,FLL,34,34,0,0.0,22.6,2024-01-30 14:25:30
BAG-FL-2024-022260,FL-2024-022260,DL,PHX,ATL,23,22,1,4.35,25.3,2024-01-14 22:28:30
BAG-FL-2024-022270,FL-2024-022270,UA,ORD,MDW,55,55,0,0.0,17.0,2024-02-23 12:18:24
BAG-FL-2024-022280,FL-2024-022280,UA,CLT,AUS,56,56,0,0.0,17.9,2024-02-19 17:25:24
BAG-FL-2024-022290,FL-2024-022290,DL,LAS,STL,70,70,0,0.0,20.5,2024-01-20 07:35:18
BAG-FL-2024-022300,FL-2024-022300,UA,ORD,BNA,29,29,0,0.0,19.1,2024-03-02 12:52:00
BAG-FL-2024-022310,FL-2024-022310,WN,MSP,FLL,117,115,2,1.71,21.2,2024-01-06 14:05:36
BAG-FL-2024-022320,FL-2024-022320,AA,PHX,MIA,57,57,0,0.0,13.9,2024-02-02 14:49:30
BAG-FL-2024-022330,FL-2024-022330,AA,DFW,SFO,47,47,0,0.0,18.6,2024-01-27 14:11:18
BAG-FL-2024-022340,FL-2024-022340,DL,HNL,JFK,104,104,0,0.0,14.6,2024-02-14 12:26:54
BAG-FL-2024-022350,FL-2024-022350,UA,EWR,DAL,76,76,0,0.0,16.5,2024-02-02 16:29:12
BAG-FL-2024-022360,FL-2024-022360,WN,BNA,CLT,103,103,0,0.0,19.0,2024-01-26 15:39:36
BAG-FL-2024-022370,FL-2024-022370,OO,SLC,JFK,71,69,2,2.82,18.3,2024-02-25 16:34:06
BAG-FL-2024-022390,FL-2024-022390,DL,BOS,SAN,30,30,0,0.0,17.7,2024-03-10 09:49:18
BAG-FL-2024-022400,FL-2024-022400,AA,BNA,BOS,93,93,0,0.0,17.0,2024-03-24 13:58:42
BAG-FL-2024-022410,FL-2024-022410,DL,HNL,IAD,137,135,2,1.46,22.3,2024-01-11 18:23:54
BAG-FL-2024-022420,FL-2024-022420,UA,ORD,DAL,78,75,3,3.85,18.3,2024-03-03 11:13:00
BAG-FL-2024-022430,FL-2024-022430,WN,DAL,SLC,26,26,0,0.0,21.0,2024-03-26 09:12:24
BAG-FL-2024-022440,FL-2024-022440,WN,DAL,IAD,76,75,1,1.32,16.2,2024-01-31 17:18:06
BAG-FL-2024-022450,FL-2024-022450,DL,PHX,TPA,24,23,1,4.17,15.9,2024-01-08 14:18:00
BAG-FL-2024-022460,FL-2024-022460,DL,ATL,PDX,125,125,0,0.0,16.3,2024-03-18 16:33:24
BAG-FL-2024-022470,FL-2024-022470,UA,HNL,IAD,26,26,0,0.0,21.6,2024-01-06 10:46:42
BAG-FL-2024-022480,FL-2024-022480,DL,PHX,HNL,25,25,0,0.0,21.4,2024-01-10 09:59:48
BAG-FL-2024-022490,FL-2024-022490,UA,IAD,FLL,40,40,0,0.0,22.1,2024-02-17 11:01:24
BAG-FL-2024-022500,FL-2024-022500,AS,SEA,ORD,52,52,0,0.0,20.8,2024-02-15 08:49:00
BAG-FL-2024-022510,FL-2024-022510,OO,MDW,CLT,60,60,0,0.0,14.8,2024-01-04 08:29:18
BAG-FL-2024-022520,FL-2024-022520,WN,DAL,DFW,106,106,0,0.0,17.5,2024-03-13 12:57:36
BAG-FL-2024-022530,FL-2024-022530,AS,MCO,ATL,45,45,0,0.0,17.8,2024-01-14 07:35:24
BAG-FL-2024-022540,FL-2024-022540,DL,DTW,IAD,123,123,0,0.0,13.4,2024-01-18 08:34:24
BAG-FL-2024-022550,FL-2024-022550,AA,DEN,PDX,103,103,0,0.0,22.6,2024-03-05 08:06:48
BAG-FL-2024-022560,FL-2024-022560,WN,DAL,PDX,81,81,0,0.0,26.9,2024-02-05 13:42:24
BAG-FL-2024-022570,FL-2024-022570,DL,ATL,AUS,137,137,0,0.0,19.5,2024-01-19 14:03:12
BAG-FL-2024-022580,FL-2024-022580,DL,ATL,MDW,42,42,0,0.0,24.0,2024-02-09 18:02:06
BAG-FL-2024-022590,FL-2024-022590,UA,ORD,ATL,117,117,0,0.0,18.4,2024-01-26 11:04:36
BAG-FL-2024-022600,FL-2024-022600,AA,DTW,CLT,117,117,0,0.0,20.6,2024-03-21 19:11:42
BAG-FL-2024-022610,FL-2024-022610,WN,DAL,PHX,80,77,3,3.75,19.3,2024-02-22 13:28:06
BAG-FL-2024-022620,FL-2024-022620,UA,ORD,SEA,22,22,0,0.0,17.0,2024-03-09 15:54:48
BAG-FL-2024-022630,FL-2024-022630,DL,DFW,TPA,129,129,0,0.0,15.6,2024-03-05 14:35:18
BAG-FL-2024-022640,FL-2024-022640,WN,DAL,TPA,140,140,0,0.0,15.7,2024-03-11 19:41:12
BAG-FL-2024-022650,FL-2024-022650,OO,PDX,IAH,99,96,3,3.03,21.6,2024-02-18 12:42:42
BAG-FL-2024-022660,FL-2024-022660,NK,FLL,PDX,133,133,0,0.0,18.6,2024-01-20 08:20:54
BAG-FL-2024-022670,FL-2024-022670,AA,DFW,DAL,43,40,3,6.98,15.7,2024-03-12 09:38:06
BAG-FL-2024-022680,FL-2024-022680,DL,ATL,LAS,121,121,0,0.0,18.9,2024-01-30 17:54:18
BAG-FL-2024-022690,FL-2024-022690,WN,LAX,IAD,30,28,2,6.67,20.1,2024-01-30 15:05:42
BAG-FL-2024-022700,FL-2024-022700,OO,SLC,LAS,127,127,0,0.0,17.1,2024-01-24 11:00:12
BAG-FL-2024-022710,FL-2024-022710,WN,MDW,EWR,133,133,0,0.0,19.2,2024-02-08 14:50:48
BAG-FL-2024-022720,FL-2024-022720,UA,SAN,BOS,65,65,0,0.0,16.9,2024-02-04 15:27:00
BAG-FL-2024-022730,FL-2024-022730,WN,DAL,HNL,75,75,0,0.0,19.9,2024-03-18 22:36:12
BAG-FL-2024-022740,FL-2024-022740,OO,SLC,BWI,52,52,0,0.0,20.9,2024-03-10 12:37:00
BAG-FL-2024-022750,FL-2024-022750,AA,DFW,PHX,134,134,0,0.0,20.5,2024-03-18 14:32:30
BAG-FL-2024-022760,FL-2024-022760,DL,ATL,DFW,60,60,0,0.0,15.7,2024-03-29 06:34:54
BAG-FL-2024-022770,FL-2024-022770,UA,ORD,JFK,42,42,0,0.0,19.9,2024-01-14 11:56:12
BAG-FL-2024-022780,FL-2024-022780,OO,PHX,MIA,30,30,0,0.0,24.9,2024-01-17 18:16:24
BAG-FL-2024-022790,FL-2024-022790,UA,ORD,FLL,93,93,0,0.0,17.9,2024-01-07 10:13:12
BAG-FL-2024-022800,FL-2024-022800,OO,IAD,MIA,52,52,0,0.0,16.0,2024-03-25 16:11:54
BAG-FL-2024-022810,FL-2024-022810,WN,DAL,SEA,77,74,3,3.9,21.0,2024-02-19 15:28:48
BAG-FL-2024-022820,FL-2024-022820,OO,DTW,IAD,138,138,0,0.0,22.3,2024-01-04 16:46:54
BAG-FL-2024-022830,FL-2024-022830,AA,IAH,MSP,55,55,0,0.0,14.5,2024-02-27 11:53:54
BAG-FL-2024-022840,FL-2024-022840,WN,JFK,MSP,22,22,0,0.0,21.3,2024-02-07 06:57:18
BAG-FL-2024-022850,FL-2024-022850,DL,ATL,IAD,59,59,0,0.0,16.5,2024-03-23 14:12:00
BAG-FL-2024-022860,FL-2024-022860,DL,SLC,SAN,43,43,0,0.0,16.1,2024-01-29 15:54:42
BAG-FL-2024-022870,FL-2024-022870,UA,ORD,MCO,133,133,0,0.0,15.9,2024-01-03 10:24:00
BAG-FL-2024-022880,FL-2024-022880,AS,SEA,DEN,96,95,1,1.04,17.7,2024-01-27 12:38:42
BAG-FL-2024-022890,FL-2024-022890,DL,ATL,MIA,58,58,0,0.0,16.4,2024-02-27 11:50:06
BAG-FL-2024-022900,FL-2024-022900,UA,ORD,FLL,35,35,0,0.0,17.2,2024-01-23 17:01:00
BAG-FL-2024-022910,FL-2024-022910,AS,SFO,DFW,82,82,0,0.0,19.4,2024-01-31 15:50:12
BAG-FL-2024-022920,FL-2024-022920,AA,DFW,STL,44,44,0,0.0,22.6,2024-02-22 11:42:30
BAG-FL-2024-022930,FL-2024-022930,OO,BWI,SEA,130,130,0,0.0,21.1,2024-03-02 22:36:06
BAG-FL-2024-022940,FL-2024-022940,WN,SFO,MDW,105,105,0,0.0,15.4,2024-01-27 14:24:48
BAG-FL-2024-022950,FL-2024-022950,AS,JFK,SEA,130,130,0,0.0,25.3,2024-01-30 09:18:00
BAG-FL-2024-022960,FL-2024-022960,AA,DFW,BWI,51,51,0,0.0,20.4,2024-03-23 09:29:00
BAG-FL-2024-022970,FL-2024-022970,WN,DAL,ATL,118,118,0,0.0,15.1,2024-01-31 13:52:06
BAG-FL-2024-022980,FL-2024-022980,AA,DFW,JFK,37,37,0,0.0,19.0,2024-01-04 09:53:24
BAG-FL-2024-022990,FL-2024-022990,WN,CLT,EWR,49,49,0,0.0,23.5,2024-02-08 12:39:54
BAG-FL-2024-023000,FL-2024-023000,DL,ATL,BOS,129,129,0,0.0,16.1,2024-03-28 19:31:24
BAG-FL-2024-023010,FL-2024-023010,UA,ORD,TPA,66,66,0,0.0,21.8,2024-03-12 07:02:00
BAG-FL-2024-023020,FL-2024-023020,WN,DAL,DEN,93,93,0,0.0,21.3,2024-03-27 11:43:42
BAG-FL-2024-023030,FL-2024-023030,WN,DAL,ORD,48,48,0,0.0,16.9,2024-01-08 18:10:12
BAG-FL-2024-023040,FL-2024-023040,AA,SEA,TPA,89,89,0,0.0,21.8,2024-02-05 17:26:12
BAG-FL-2024-023050,FL-2024-023050,OO,SLC,SAN,40,40,0,0.0,19.6,2024-03-30 07:50:06
BAG-FL-2024-023060,FL-2024-023060,AA,STL,SEA,36,36,0,0.0,15.2,2024-03-20 13:56:54
BAG-FL-2024-023070,FL-2024-023070,UA,ORD,SAN,35,35,0,0.0,13.1,2024-02-03 11:46:54
BAG-FL-2024-023080,FL-2024-023080,AA,IAD,ORD,99,99,0,0.0,20.0,2024-02-08 15:17:12
BAG-FL-2024-023090,FL-2024-023090,AA,JFK,BNA,114,111,3,2.63,20.6,2024-03-27 15:08:30
BAG-FL-2024-023100,FL-2024-023100,AA,DFW,ATL,120,120,0,0.0,26.8,2024-02-02 06:57:12
BAG-FL-2024-023110,FL-2024-023110,DL,ATL,DAL,119,119,0,0.0,18.3,2024-01-25 12:50:12
BAG-FL-2024-023120,FL-2024-023120,OO,LAS,SLC,21,21,0,0.0,18.8,2024-01-20 17:07:00
BAG-FL-2024-023130,FL-2024-023130,AS,DEN,MCO,60,60,0,0.0,25.4,2024-01-28 15:31:00
BAG-FL-2024-023140,FL-2024-023140,WN,DFW,MDW,60,58,2,3.33,17.8,2024-03-05 14:37:00
BAG-FL-2024-023150,FL-2024-023150,WN,JFK,BOS,24,24,0,0.0,20.3,2024-03-13 17:35:48
BAG-FL-2024-023160,FL-2024-023160,UA,FLL,PDX,51,51,0,0.0,13.7,2024-03-26 14:03:24
BAG-FL-2024-023170,FL-2024-023170,AA,DFW,MSP,75,73,2,2.67,22.3,2024-03-16 12:51:54
BAG-FL-2024-023180,FL-2024-023180,WN,IAH,DEN,25,25,0,0.0,20.8,2024-02-27 14:06:00
BAG-FL-2024-023190,FL-2024-023190,WN,DAL,PDX,136,136,0,0.0,23.8,2024-01-14 17:26:36
BAG-FL-2024-023200,FL-2024-023200,AA,DFW,DEN,56,53,3,5.36,18.2,2024-02-21 19:31:48
BAG-FL-2024-023210,FL-2024-023210,OO,SLC,LAS,50,50,0,0.0,20.6,2024-02-26 13:32:30
BAG-FL-2024-023220,FL-2024-023220,AA,BWI,IAD,33,30,3,9.09,16.5,2024-03-02 17:34:48
BAG-FL-2024-023230,FL-2024-023230,OO,IAH,TPA,71,71,0,0.0,19.3,2024-01-04 18:40:54
BAG-FL-2024-023240,FL-2024-023240,DL,ATL,BNA,66,66,0,0.0,18.7,2024-03-26 12:54:12
BAG-FL-2024-023250,FL-2024-023250,AS,LAX,MDW,49,49,0,0.0,17.4,2024-02-13 20:03:18
BAG-FL-2024-023260,FL-2024-023260,WN,DAL,IAD,58,58,0,0.0,17.2,2024-01-03 19:11:06
BAG-FL-2024-023270,FL-2024-023270,UA,ORD,FLL,26,26,0,0.0,19.4,2024-02-15 20:03:48
BAG-FL-2024-023280,FL-2024-023280,OO,HNL,DAL,37,37,0,0.0,19.2,2024-03-17 15:38:00
BAG-FL-2024-023290,FL-2024-023290,WN,DAL,BNA,67,67,0,0.0,18.5,2024-01-14 13:11:30
BAG-FL-2024-023300,FL-2024-023300,OO,PDX,DAL,82,82,0,0.0,18.4,2024-02-01 18:23:30
BAG-FL-2024-023310,FL-2024-023310,AS,LAS,SLC,43,43,0,0.0,22.6,2024-03-16 15:31:42
BAG-FL-2024-023320,FL-2024-023320,OO,MDW,PDX,29,29,0,0.0,20.4,2024-03-23 19:16:18
BAG-FL-2024-023330,FL-2024-023330,AA,DFW,BNA,53,53,0,0.0,21.6,2024-01-19 15:22:48
BAG-FL-2024-023340,FL-2024-023340,DL,ATL,MDW,42,42,0,0.0,21.8,2024-02-09 15:07:30
BAG-FL-2024-023350,FL-2024-023350,DL,MDW,BNA,108,108,0,0.0,19.4,2024-02-02 10:08:48
BAG-FL-2024-023360,FL-2024-023360,UA,SFO,LAX,124,124,0,0.0,18.6,2024-02-22 08:20:42
BAG-FL-2024-023370,FL-2024-023370,OO,SLC,DFW,80,80,0,0.0,19.8,2024-01-22 12:06:06
BAG-FL-2024-023380,FL-2024-023380,WN,DAL,ORD,34,34,0,0.0,19.7,2024-01-15 18:33:18
BAG-FL-2024-023390,FL-2024-023390,WN,DAL,HNL,44,44,0,0.0,20.5,2024-02-27 20:17:36
BAG-FL-2024-023400,FL-2024-023400,HA,HNL,IAH,34,34,0,0.0,20.6,2024-03-20 12:49:18
BAG-FL-2024-023410,FL-2024-023410,DL,PDX,DAL,125,125,0,0.0,24.1,2024-02-07 13:50:48
BAG-FL-2024-023420,FL-2024-023420,DL,DTW,MDW,87,85,2,2.3,18.6,2024-03-28 19:31:36
BAG-FL-2024-023430,FL-2024-023430,AA,MSP,DAL,30,30,0,0.0,16.2,2024-03-07 16:15:18
BAG-FL-2024-023440,FL-2024-023440,WN,DAL,DTW,45,45,0,0.0,17.6,2024-02-16 16:53:00
BAG-FL-2024-023450,FL-2024-023450,OO,EWR,SEA,113,113,0,0.0,16.3,2024-03-25 16:33:48
BAG-FL-2024-023460,FL-2024-023460,AA,DFW,LAS,39,39,0,0.0,17.9,2024-03-25 12:46:30
BAG-FL-2024-023470,FL-2024-023470,NK,DTW,ORD,54,53,1,1.85,22.8,2024-01-29 11:00:36
BAG-FL-2024-023480,FL-2024-023480,AA,DFW,EWR,21,21,0,0.0,15.2,2024-01-25 19:17:24
BAG-FL-2024-023490,FL-2024-023490,OO,SLC,FLL,130,130,0,0.0,18.0,2024-01-03 12:20:12
BAG-FL-2024-023500,FL-2024-023500,WN,DAL,EWR,22,22,0,0.0,16.3,2024-02-10 15:12:30
BAG-FL-2024-023510,FL-2024-023510,WN,DAL,SFO,110,110,0,0.0,15.5,2024-02-24 11:44:42
BAG-FL-2024-023520,FL-2024-023520,AA,FLL,PDX,93,93,0,0.0,18.8,2024-01-16 16:37:18
BAG-FL-2024-023530,FL-2024-023530,UA,MCO,DFW,96,96,0,0.0,17.5,2024-03-04 12:13:42
BAG-FL-2024-023540,FL-2024-023540,UA,ORD,DFW,22,20,2,9.09,15.9,2024-01-07 14:56:24
BAG-FL-2024-023550,FL-2024-023550,WN,IAH,PHX,139,139,0,0.0,16.3,2024-01-26 14:12:54
BAG-FL-2024-023560,FL-2024-023560,WN,LAX,STL,52,52,0,0.0,18.9,2024-03-04 09:04:12
BAG-FL-2024-023570,FL-2024-023570,UA,ORD,IAH,131,131,0,0.0,19.1,2024-01-24 17:03:24
BAG-FL-2024-023580,FL-2024-023580,AA,SEA,JFK,127,127,0,0.0,21.5,2024-02-29 17:17:06
BAG-FL-2024-023590,FL-2024-023590,AA,DFW,SFO,112,112,0,0.0,16.3,2024-03-14 09:10:00
BAG-FL-2024-023600,FL-2024-023600,NK,SAN,SEA,57,57,0,0.0,17.0,2024-03-29 07:58:18
BAG-FL-2024-023610,FL-2024-023610,AA,BWI,DFW,81,80,1,1.23,21.7,2024-03-26 10:40:18
BAG-FL-2024-023620,FL-2024-023620,UA,ORD,SEA,50,50,0,0.0,21.3,2024-01-29 08:59:42
BAG-FL-2024-023630,FL-2024-023630,AA,PDX,MCO,62,62,0,0.0,16.8,2024-01-18 09:01:24
BAG-FL-2024-023640,FL-2024-023640,AS,SEA,PDX,30,29,1,3.33,17.9,2024-01-02 19:49:18
BAG-FL-2024-023650,FL-2024-023650,HA,MCO,JFK,56,56,0,0.0,14.4,2024-01-26 10:33:42
BAG-FL-2024-023660,FL-2024-023660,WN,DAL,LAX,79,79,0,0.0,18.7,2024-03-24 06:30:24
BAG-FL-2024-023670,FL-2024-023670,NK,DEN,BWI,41,41,0,0.0,18.1,2024-01-10 10:32:18
BAG-FL-2024-023680,FL-2024-023680,OO,DEN,SLC,34,31,3,8.82,22.5,2024-01-09 15:12:24
BAG-FL-2024-023690,FL-2024-023690,UA,MCO,CLT,125,125,0,0.0,22.8,2024-01-16 13:03:06
BAG-FL-2024-023700,FL-2024-023700,DL,ATL,LAX,105,103,2,1.9,20.3,2024-03-03 19:00:00
BAG-FL-2024-023710,FL-2024-023710,AA,DFW,AUS,52,52,0,0.0,21.0,2024-03-28 07:13:00
BAG-FL-2024-023720,FL-2024-023720,B6,BNA,MCO,85,85,0,0.0,16.1,2024-02-17 18:38:24
BAG-FL-2024-023730,FL-2024-023730,UA,ORD,DAL,74,74,0,0.0,16.6,2024-03-17 13:23:42
BAG-FL-2024-023740,FL-2024-023740,AA,CLT,STL,59,59,0,0.0,17.7,2024-02-07 18:26:54
BAG-FL-2024-023750,FL-2024-023750,AA,EWR,TPA,54,54,0,0.0,18.0,2024-01-06 10:36:42
BAG-FL-2024-023760,FL-2024-023760,WN,IAH,LAS,42,42,0,0.0,17.8,2024-01-12 10:43:24
BAG-FL-2024-023770,FL-2024-023770,OO,SLC,JFK,70,70,0,0.0,17.5,2024-01-27 10:53:30
BAG-FL-2024-023780,FL-2024-023780,WN,DAL,AUS,63,63,0,0.0,19.4,2024-01-09 17:13:12
BAG-FL-2024-023790,FL-2024-023790,UA,ORD,STL,79,79,0,0.0,22.7,2024-03-09 16:00:24
BAG-FL-2024-023800,FL-2024-023800,AA,DFW,MDW,66,66,0,0.0,15.7,2024-03-21 12:19:30
BAG-FL-2024-023810,FL-2024-023810,AA,BNA,DFW,88,88,0,0.0,20.6,2024-02-19 21:05:54
BAG-FL-2024-023820,FL-2024-023820,AA,LAX,CLT,40,40,0,0.0,23.6,2024-01-12 14:45:00
BAG-FL-2024-023830,FL-2024-023830,DL,SAN,DEN,71,71,0,0.0,16.6,2024-02-02 14:42:42
BAG-FL-2024-023840,FL-2024-023840,OO,SLC,JFK,103,103,0,0.0,18.4,2024-01-13 13:01:00
BAG-FL-2024-023850,FL-2024-023850,HA,HNL,IAD,128,128,0,0.0,18.2,2024-02-29 09:41:54
BAG-FL-2024-023860,FL-2024-023860,DL,PDX,CLT,30,30,0,0.0,23.1,2024-02-23 16:08:36
BAG-FL-2024-023870,FL-2024-023870,OO,SLC,TPA,38,38,0,0.0,16.8,2024-03-22 20:45:30
BAG-FL-2024-023880,FL-2024-023880,DL,SEA,DTW,140,140,0,0.0,22.1,2024-03-28 16:00:48
BAG-FL-2024-023890,FL-2024-023890,UA,LAS,PHX,139,139,0,0.0,15.0,2024-03-13 14:39:24
BAG-FL-2024-023900,FL-2024-023900,F9,DEN,ORD,86,86,0,0.0,19.4,2024-01-31 12:51:00
BAG-FL-2024-023920,FL-2024-023920,WN,DTW,IAH,48,48,0,0.0,18.8,2024-03-07 06:34:42
BAG-FL-2024-023930,FL-2024-023930,UA,ORD,CLT,42,42,0,0.0,15.4,2024-01-31 16:54:12
BAG-FL-2024-023940,FL-2024-023940,NK,FLL,IAH,84,84,0,0.0,16.8,2024-02-07 13:03:36
BAG-FL-2024-023950,FL-2024-023950,UA,ORD,MCO,60,60,0,0.0,18.0,2024-02-08 19:01:54
BAG-FL-2024-023960,FL-2024-023960,OO,HNL,DTW,61,61,0,0.0,18.0,2024-03-13 12:36:42
BAG-FL-2024-023970,FL-2024-023970,B6,JFK,FLL,67,67,0,0.0,16.1,2024-01-01 10:23:24
BAG-FL-2024-023980,FL-2024-023980,NK,FLL,DFW,70,70,0,0.0,16.1,2024-02-21 16:39:24
BAG-FL-2024-023990,FL-2024-023990,DL,SAN,MSP,42,42,0,0.0,21.1,2024-03-25 13:36:18
BAG-FL-2024-024000,FL-2024-024000,AA,DFW,DAL,53,53,0,0.0,18.6,2024-01-16 13:55:30
BAG-FL-2024-024010,FL-2024-024010,DL,ATL,BOS,111,111,0,0.0,21.2,2024-03-04 14:18:42
BAG-FL-2024-024020,FL-2024-024020,AA,DFW,MDW,52,52,0,0.0,22.3,2024-03-17 16:55:48
BAG-FL-2024-024030,FL-2024-024030,DL,CLT,FLL,108,107,1,0.93,18.6,2024-02-12 13:43:54
BAG-FL-2024-024040,FL-2024-024040,AA,DFW,HNL,103,100,3,2.91,17.8,2024-01-22 17:20:36
BAG-FL-2024-024050,FL-2024-024050,UA,SFO,SLC,87,87,0,0.0,12.6,2024-03-13 17:51:30
BAG-FL-2024-024060,FL-2024-024060,OO,SLC,SEA,21,21,0,0.0,21.4,2024-03-27 08:43:12
BAG-FL-2024-024070,FL-2024-024070,HA,HNL,MSP,25,25,0,0.0,18.0,2024-01-15 10:17:36
BAG-FL-2024-024080,FL-2024-024080,DL,LAX,BNA,38,38,0,0.0,22.8,2024-01-01 14:05:06
BAG-FL-2024-024090,FL-2024-024090,NK,BWI,DFW,65,65,0,0.0,17.6,2024-02-22 08:53:54
BAG-FL-2024-024100,FL-2024-024100,WN,ORD,ATL,23,23,0,0.0,20.2,2024-03-14 10:26:54
BAG-FL-2024-024110,FL-2024-024110,UA,MIA,FLL,114,114,0,0.0,19.2,2024-02-08 19:12:18
BAG-FL-2024-024120,FL-2024-024120,UA,ORD,SEA,88,88,0,0.0,18.8,2024-03-18 15:46:24
BAG-FL-2024-024130,FL-2024-024130,UA,ORD,FLL,28,28,0,0.0,20.5,2024-02-11 20:03:18
BAG-FL-2024-024140,FL-2024-024140,OO,SLC,IAD,87,87,0,0.0,18.8,2024-02-08 14:16:18
BAG-FL-2024-024150,FL-2024-024150,AS,MIA,HNL,32,32,0,0.0,22.7,2024-01-09 12:46:00
BAG-FL-2024-024160,FL-2024-024160,WN,DAL,MDW,122,122,0,0.0,20.0,2024-01-01 15:59:42
BAG-FL-2024-024170,FL-2024-024170,WN,PDX,JFK,67,67,0,0.0,13.9,2024-03-02 06:27:30
BAG-FL-2024-024180,FL-2024-024180,DL,LAS,MSP,96,96,0,0.0,16.2,2024-01-13 09:08:24
BAG-FL-2024-024190,FL-2024-024190,B6,MSP,LAX,52,50,2,3.85,18.6,2024-01-03 13:57:24
BAG-FL-2024-024200,FL-2024-024200,WN,HNL,MIA,32,32,0,0.0,17.1,2024-01-26 08:50:48
BAG-FL-2024-024210,FL-2024-024210,NK,STL,EWR,31,31,0,0.0,23.0,2024-02-20 15:30:36
BAG-FL-2024-024220,FL-2024-024220,NK,ATL,BWI,115,115,0,0.0,18.1,2024-03-05 15:00:12
BAG-FL-2024-024230,FL-2024-024230,B6,JFK,SLC,53,50,3,5.66,14.2,2024-01-26 15:08:30
BAG-FL-2024-024240,FL-2024-024240,B6,JFK,IAH,79,79,0,0.0,20.1,2024-01-06 19:06:48
BAG-FL-2024-024250,FL-2024-024250,NK,SAN,MCO,78,75,3,3.85,17.1,2024-02-19 19:05:00
BAG-FL-2024-024260,FL-2024-024260,WN,DAL,EWR,49,49,0,0.0,22.9,2024-01-07 16:16:00
BAG-FL-2024-024270,FL-2024-024270,DL,MSP,SEA,37,37,0,0.0,20.0,2024-03-15 12:15:06
BAG-FL-2024-024280,FL-2024-024280,WN,DAL,ORD,31,31,0,0.0,18.1,2024-01-17 09:11:54
BAG-FL-2024-024290,FL-2024-024290,AA,DFW,STL,32,32,0,0.0,16.0,2024-01-09 21:30:36
BAG-FL-2024-024300,FL-2024-024300,DL,ATL,SEA,71,71,0,0.0,18.9,2024-03-13 14:18:18
BAG-FL-2024-024310,FL-2024-024310,B6,LAS,SLC,128,128,0,0.0,18.1,2024-03-22 13:16:18
BAG-FL-2024-024320,FL-2024-024320,AS,SEA,IAH,70,68,2,2.86,21.5,2024-01-09 15:20:06
BAG-FL-2024-024330,FL-2024-024330,WN,IAH,DFW,82,82,0,0.0,16.2,2024-02-29 13:12:54
BAG-FL-2024-024340,FL-2024-024340,HA,HNL,IAD,117,117,0,0.0,19.2,2024-02-13 15:49:36
BAG-FL-2024-024350,FL-2024-024350,UA,ORD,STL,53,50,3,5.66,19.0,2024-01-04 21:20:30
BAG-FL-2024-024360,FL-2024-024360,AA,DFW,FLL,115,115,0,0.0,19.6,2024-02-08 14:23:00
BAG-FL-2024-024370,FL-2024-024370,WN,IAH,PHX,127,127,0,0.0,19.4,2024-03-20 16:12:00
BAG-FL-2024-024380,FL-2024-024380,WN,DAL,PHX,86,86,0,0.0,22.7,2024-03-08 06:23:30
BAG-FL-2024-024390,FL-2024-024390,WN,DFW,DAL,68,65,3,4.41,17.6,2024-02-13 16:19:42
BAG-FL-2024-024400,FL-2024-024400,OO,SLC,PHX,133,133,0,0.0,23.5,2024-01-16 06:25:42
BAG-FL-2024-024410,FL-2024-024410,UA,ORD,BNA,23,23,0,0.0,18.0,2024-02-10 08:26:18
BAG-FL-2024-024420,FL-2024-024420,B6,JFK,DFW,91,88,3,3.3,16.8,2024-03-29 12:45:18
BAG-FL-2024-024440,FL-2024-024440,B6,JFK,ATL,44,41,3,6.82,26.9,2024-02-02 17:38:24
BAG-FL-2024-024450,FL-2024-024450,UA,DFW,EWR,34,34,0,0.0,20.6,2024-02-09 20:48:54
BAG-FL-2024-024460,FL-2024-024460,AA,ATL,SFO,108,108,0,0.0,23.0,2024-02-27 12:34:24
BAG-FL-2024-024470,FL-2024-024470,UA,ORD,PHX,131,130,1,0.76,20.9,2024-02-11 11:57:06
BAG-FL-2024-024480,FL-2024-024480,AS,LAS,ORD,48,48,0,0.0,20.4,2024-03-18 06:44:24
BAG-FL-2024-024490,FL-2024-024490,UA,EWR,SFO,140,140,0,0.0,19.9,2024-01-06 22:52:18
BAG-FL-2024-024500,FL-2024-024500,AA,ORD,IAH,75,75,0,0.0,20.4,2024-01-26 11:54:24
BAG-FL-2024-024510,FL-2024-024510,AS,HNL,IAD,30,30,0,0.0,22.1,2024-01-31 12:55:54
BAG-FL-2024-024520,FL-2024-024520,UA,ORD,EWR,71,71,0,0.0,17.8,2024-02-02 11:01:42
BAG-FL-2024-024530,FL-2024-024530,WN,TPA,LAX,118,118,0,0.0,17.7,2024-02-18 13:17:06
BAG-FL-2024-024540,FL-2024-024540,DL,IAD,AUS,53,53,0,0.0,19.1,2024-03-29 18:26:54
BAG-FL-2024-024550,FL-2024-024550,HA,DEN,SLC,40,40,0,0.0,16.5,2024-02-07 21:18:18
BAG-FL-2024-024560,FL-2024-024560,AA,SFO,LAS,95,95,0,0.0,18.5,2024-01-14 13:06:48
BAG-FL-2024-024570,FL-2024-024570,WN,MCO,ORD,86,86,0,0.0,18.3,2024-03-14 15:29:24
BAG-FL-2024-024580,FL-2024-024580,AA,MSP,LAS,93,93,0,0.0,14.7,2024-01-23 20:20:48
BAG-FL-2024-024590,FL-2024-024590,AA,DFW,SFO,69,69,0,0.0,15.0,2024-02-13 13:38:42
BAG-FL-2024-024600,FL-2024-024600,AS,PHX,DEN,98,98,0,0.0,19.4,2024-02-09 14:24:24
BAG-FL-2024-024610,FL-2024-024610,UA,MCO,ATL,121,118,3,2.48,18.9,2024-03-18 08:46:18
BAG-FL-2024-024620,FL-2024-024620,OO,MSP,SLC,60,60,0,0.0,15.8,2024-01-17 07:00:24
BAG-FL-2024-024630,FL-2024-024630,OO,HNL,LAS,82,82,0,0.0,24.4,2024-01-28 18:48:54
BAG-FL-2024-024640,FL-2024-024640,WN,DAL,FLL,37,37,0,0.0,15.4,2024-03-13 06:04:42
BAG-FL-2024-024650,FL-2024-024650,OO,SLC,LAS,140,140,0,0.0,18.7,2024-02-02 06:46:48
BAG-FL-2024-024660,FL-2024-024660,AA,BOS,SAN,132,132,0,0.0,13.3,2024-03-13 14:58:06
BAG-FL-2024-024680,FL-2024-024680,WN,LAS,LAX,50,50,0,0.0,17.7,2024-02-02 14:01:42
BAG-FL-2024-024690,FL-2024-024690,UA,ORD,DFW,97,97,0,0.0,23.1,2024-02-14 06:04:54
BAG-FL-2024-024700,FL-2024-024700,WN,DAL,DFW,96,96,0,0.0,19.5,2024-02-26 16:31:12
BAG-FL-2024-024710,FL-2024-024710,UA,EWR,SEA,21,21,0,0.0,17.6,2024-03-20 07:21:36
BAG-FL-2024-024720,FL-2024-024720,AA,DFW,AUS,116,116,0,0.0,17.0,2024-03-23 16:50:30
BAG-FL-2024-024730,FL-2024-024730,AS,SEA,SFO,62,62,0,0.0,20.5,2024-01-29 13:32:48
BAG-FL-2024-024740,FL-2024-024740,WN,SFO,CLT,136,136,0,0.0,20.3,2024-02-07 07:56:48
BAG-FL-2024-024750,FL-2024-024750,B6,JFK,DEN,36,36,0,0.0,19.8,2024-03-01 19:34:48
BAG-FL-2024-024760,FL-2024-024760,B6,LAX,AUS,60,60,0,0.0,18.5,2024-03-15 16:28:42
BAG-FL-2024-024770,FL-2024-024770,WN,BNA,ORD,119,119,0,0.0,20.2,2024-02-29 19:06:30
BAG-FL-2024-024780,FL-2024-024780,DL,SFO,IAD,46,44,2,4.35,13.5,2024-03-09 13:48:00
BAG-FL-2024-024790,FL-2024-024790,WN,IAD,CLT,133,133,0,0.0,19.6,2024-02-16 12:28:54
BAG-FL-2024-024800,FL-2024-024800,DL,ATL,SAN,68,67,1,1.47,18.3,2024-03-13 18:36:00
BAG-FL-2024-024810,FL-2024-024810,WN,BNA,SFO,81,80,1,1.23,21.6,2024-01-04 14:51:00
BAG-FL-2024-024820,FL-2024-024820,AA,MDW,CLT,42,41,1,2.38,18.5,2024-03-29 20:10:06
BAG-FL-2024-024830,FL-2024-024830,AA,MDW,HNL,23,23,0,0.0,16.3,2024-02-18 20:04:18
BAG-FL-2024-024840,FL-2024-024840,UA,ORD,SFO,39,39,0,0.0,21.7,2024-03-26 16:13:54
BAG-FL-2024-024850,FL-2024-024850,F9,SFO,BOS,92,89,3,3.26,19.0,2024-03-26 21:51:54
BAG-FL-2024-024860,FL-2024-024860,B6,PDX,DFW,53,53,0,0.0,12.6,2024-02-09 12:25:06
BAG-FL-2024-024870,FL-2024-024870,OO,SLC,EWR,42,42,0,0.0,15.5,2024-03-25 15:51:18
BAG-FL-2024-024880,FL-2024-024880,OO,DAL,IAH,117,117,0,0.0,19.1,2024-02-15 15:51:42
BAG-FL-2024-024890,FL-2024-024890,AA,DFW,MSP,65,65,0,0.0,23.6,2024-03-08 11:24:42
BAG-FL-2024-024900,FL-2024-024900,AS,SEA,PHX,88,88,0,0.0,22.7,2024-03-22 18:51:48
BAG-FL-2024-024910,FL-2024-024910,DL,SAN,SEA,74,74,0,0.0,16.9,2024-01-20 15:14:42
BAG-FL-2024-024920,FL-2024-024920,AS,SEA,ATL,126,126,0,0.0,19.0,2024-01-13 14:53:06
BAG-FL-2024-024930,FL-2024-024930,AA,DFW,MIA,77,77,0,0.0,17.6,2024-01-10 22:16:18
BAG-FL-2024-024940,FL-2024-024940,WN,DAL,BWI,20,17,3,15.0,15.5,2024-01-21 07:21:54
BAG-FL-2024-024950,FL-2024-024950,NK,FLL,PDX,118,118,0,0.0,20.0,2024-01-27 16:18:54
BAG-FL-2024-024960,FL-2024-024960,DL,ATL,LAS,83,83,0,0.0,17.4,2024-03-22 12:24:42
BAG-FL-2024-024970,FL-2024-024970,WN,SAN,CLT,60,60,0,0.0,17.9,2024-01-06 16:12:42
BAG-FL-2024-024980,FL-2024-024980,AA,DFW,FLL,44,44,0,0.0,16.6,2024-02-24 10:17:06
BAG-FL-2024-024990,FL-2024-024990,OO,SLC,LAS,103,103,0,0.0,17.2,2024-03-08 22:08:42
BAG-FL-2024-025000,FL-2024-025000,WN,PDX,LAX,125,125,0,0.0,17.8,2024-03-26 18:36:24
BAG-FL-2024-025010,FL-2024-025010,OO,SLC,CLT,23,23,0,0.0,19.7,2024-01-12 16:06:54
BAG-FL-2024-025020,FL-2024-025020,AA,DFW,IAD,63,63,0,0.0,17.2,2024-02-29 13:47:42
BAG-FL-2024-025030,FL-2024-025030,AA,CLT,LAS,75,75,0,0.0,18.5,2024-02-06 11:05:24
BAG-FL-2024-025040,FL-2024-025040,AA,DFW,DAL,97,96,1,1.03,20.5,2024-01-15 11:27:24
BAG-FL-2024-025050,FL-2024-025050,UA,BWI,PHX,79,79,0,0.0,18.0,2024-02-25 17:51:12
BAG-FL-2024-025060,FL-2024-025060,UA,LAS,PHX,127,127,0,0.0,22.7,2024-03-15 13:03:54
BAG-FL-2024-025070,FL-2024-025070,UA,STL,IAD,90,90,0,0.0,19.3,2024-02-16 16:23:48
BAG-FL-2024-025080,FL-2024-025080,UA,LAS,LAX,45,45,0,0.0,15.1,2024-02-07 12:09:24
BAG-FL-2024-025090,FL-2024-025090,DL,ATL,ORD,88,88,0,0.0,11.5,2024-03-15 19:08:06
BAG-FL-2024-025100,FL-2024-025100,DL,ATL,AUS,36,36,0,0.0,19.6,2024-01-23 15:04:30
BAG-FL-2024-025110,FL-2024-025110,WN,BWI,MSP,85,85,0,0.0,13.7,2024-01-11 15:01:42
BAG-FL-2024-025120,FL-2024-025120,WN,DAL,FLL,58,58,0,0.0,17.4,2024-01-06 18:37:54
BAG-FL-2024-025130,FL-2024-025130,WN,DAL,EWR,100,100,0,0.0,21.0,2024-02-13 13:30:12
BAG-FL-2024-025140,FL-2024-025140,UA,FLL,BWI,44,44,0,0.0,22.1,2024-03-29 12:11:54
BAG-FL-2024-025150,FL-2024-025150,WN,DTW,PHX,27,27,0,0.0,18.7,2024-02-11 16:34:18
BAG-FL-2024-025160,FL-2024-025160,AA,DFW,IAH,97,97,0,0.0,18.3,2024-02-01 16:36:30
BAG-FL-2024-025170,FL-2024-025170,NK,FLL,BWI,42,42,0,0.0,20.0,2024-02-12 08:18:48
BAG-FL-2024-025180,FL-2024-025180,AA,DFW,STL,127,127,0,0.0,19.0,2024-01-29 12:10:00
BAG-FL-2024-025190,FL-2024-025190,OO,SLC,SFO,73,73,0,0.0,16.2,2024-03-26 14:12:42
BAG-FL-2024-025200,FL-2024-025200,AA,LAS,BOS,32,32,0,0.0,14.9,2024-03-12 14:34:30
BAG-FL-2024-025210,FL-2024-025210,UA,TPA,STL,84,84,0,0.0,17.0,2024-03-24 14:38:00
BAG-FL-2024-025220,FL-2024-025220,WN,DAL,LAX,54,54,0,0.0,17.6,2024-02-29 08:29:54
BAG-FL-2024-025230,FL-2024-025230,WN,BWI,ATL,51,51,0,0.0,18.9,2024-03-05 17:15:06
BAG-FL-2024-025240,FL-2024-025240,AA,BOS,DAL,106,106,0,0.0,20.3,2024-03-25 11:18:42
BAG-FL-2024-025250,FL-2024-025250,DL,ATL,IAD,75,75,0,0.0,16.8,2024-02-11 12:47:06
BAG-FL-2024-025260,FL-2024-025260,DL,ATL,EWR,67,67,0,0.0,24.0,2024-02-25 15:40:30
BAG-FL-2024-025270,FL-2024-025270,AA,DFW,FLL,52,52,0,0.0,21.8,2024-01-25 22:58:36
BAG-FL-2024-025280,FL-2024-025280,UA,ORD,DFW,131,131,0,0.0,16.2,2024-03-18 14:21:48
BAG-FL-2024-025290,FL-2024-025290,DL,ATL,LAX,127,127,0,0.0,22.2,2024-03-21 09:47:24
BAG-FL-2024-025300,FL-2024-025300,OO,STL,AUS,33,33,0,0.0,16.8,2024-03-26 15:36:30
BAG-FL-2024-025310,FL-2024-025310,DL,MSP,EWR,46,46,0,0.0,17.7,2024-03-12 15:27:24
BAG-FL-2024-025320,FL-2024-025320,OO,FLL,LAS,49,49,0,0.0,16.2,2024-03-12 19:27:48
BAG-FL-2024-025330,FL-2024-025330,WN,MIA,TPA,45,44,1,2.22,23.0,2024-03-25 14:55:12
BAG-FL-2024-025340,FL-2024-025340,WN,MIA,PHX,77,77,0,0.0,17.9,2024-02-24 15:31:24
BAG-FL-2024-025350,FL-2024-025350,OO,MIA,DAL,60,60,0,0.0,17.7,2024-01-04 13:37:18
BAG-FL-2024-025360,FL-2024-025360,F9,ORD,BWI,139,139,0,0.0,19.1,2024-02-02 17:22:18
BAG-FL-2024-025370,FL-2024-025370,WN,DAL,SAN,62,62,0,0.0,17.9,2024-03-01 13:06:42
BAG-FL-2024-025380,FL-2024-025380,DL,ATL,LAX,121,121,0,0.0,21.9,2024-02-04 15:20:48
BAG-FL-2024-025390,FL-2024-025390,AA,DFW,DTW,72,72,0,0.0,21.2,2024-03-14 12:22:48
BAG-FL-2024-025400,FL-2024-025400,WN,MCO,DEN,80,80,0,0.0,18.0,2024-02-04 14:50:36
BAG-FL-2024-025410,FL-2024-025410,AA,LAS,STL,105,105,0,0.0,17.8,2024-03-06 14:40:42
BAG-FL-2024-025420,FL-2024-025420,UA,IAH,IAD,32,32,0,0.0,15.6,2024-02-16 14:18:54
BAG-FL-2024-025430,FL-2024-025430,UA,ORD,BNA,63,63,0,0.0,19.0,2024-02-15 13:24:30
BAG-FL-2024-025440,FL-2024-025440,DL,ATL,SLC,133,133,0,0.0,21.4,2024-03-09 08:38:18
BAG-FL-2024-025450,FL-2024-025450,DL,SLC,MDW,36,36,0,0.0,23.1,2024-02-14 18:45:54
BAG-FL-2024-025460,FL-2024-025460,UA,ORD,LAX,48,45,3,6.25,16.6,2024-02-24 17:36:42
BAG-FL-2024-025470,FL-2024-025470,NK,FLL,IAH,25,25,0,0.0,21.4,2024-01-21 10:32:06
BAG-FL-2024-025480,FL-2024-025480,UA,ORD,BNA,126,126,0,0.0,15.2,2024-01-15 12:20:42
BAG-FL-2024-025490,FL-2024-025490,AS,SEA,DFW,40,40,0,0.0,14.3,2024-03-10 17:15:48
BAG-FL-2024-025500,FL-2024-025500,AA,DFW,CLT,123,123,0,0.0,16.7,2024-03-14 22:43:12
BAG-FL-2024-025520,FL-2024-025520,UA,IAD,MDW,97,97,0,0.0,19.6,2024-02-12 14:04:06
BAG-FL-2024-025530,FL-2024-025530,OO,SLC,BNA,75,75,0,0.0,23.9,2024-02-09 22:12:24
BAG-FL-2024-025540,FL-2024-025540,OO,SLC,PDX,56,56,0,0.0,21.2,2024-02-05 20:11:48
BAG-FL-2024-025550,FL-2024-025550,WN,IAH,MDW,65,65,0,0.0,19.9,2024-01-17 15:34:00
BAG-FL-2024-025560,FL-2024-025560,WN,DAL,FLL,71,71,0,0.0,17.9,2024-03-24 10:26:12
BAG-FL-2024-025570,FL-2024-025570,DL,BNA,PDX,90,90,0,0.0,16.6,2024-03-13 13:13:36
BAG-FL-2024-025580,FL-2024-025580,UA,ORD,SEA,57,57,0,0.0,25.2,2024-01-14 14:22:06
BAG-FL-2024-025590,FL-2024-025590,DL,LAX,BWI,119,119,0,0.0,15.7,2024-02-15 09:09:30
BAG-FL-2024-025600,FL-2024-025600,NK,FLL,PHX,137,137,0,0.0,12.4,2024-03-04 17:57:06
BAG-FL-2024-025610,FL-2024-025610,UA,DEN,SLC,53,53,0,0.0,18.5,2024-02-02 21:48:06
BAG-FL-2024-025620,FL-2024-025620,NK,ORD,LAS,28,26,2,7.14,20.0,2024-03-29 18:40:24
BAG-FL-2024-025630,FL-2024-025630,WN,DAL,IAH,58,58,0,0.0,15.3,2024-03-16 18:38:54
BAG-FL-2024-025640,FL-2024-025640,AS,MIA,MDW,53,53,0,0.0,14.8,2024-01-22 14:49:24
BAG-FL-2024-025650,FL-2024-025650,AA,DFW,MDW,95,95,0,0.0,17.4,2024-01-24 13:42:18
BAG-FL-2024-025660,FL-2024-025660,AS,SFO,LAX,45,45,0,0.0,15.6,2024-03-07 17:48:12
BAG-FL-2024-025670,FL-2024-025670,AA,DFW,TPA,85,85,0,0.0,24.7,2024-03-27 14:16:54
BAG-FL-2024-025680,FL-2024-025680,UA,LAX,IAH,112,112,0,0.0,21.0,2024-03-24 14:36:36
BAG-FL-2024-025690,FL-2024-025690,OO,SLC,MDW,114,114,0,0.0,18.2,2024-02-26 13:34:00
BAG-FL-2024-025700,FL-2024-025700,UA,STL,SAN,99,99,0,0.0,16.2,2024-01-12 17:02:42
BAG-FL-2024-025710,FL-2024-025710,DL,ATL,FLL,38,38,0,0.0,17.9,2024-02-13 18:29:06
BAG-FL-2024-025720,FL-2024-025720,DL,ATL,JFK,83,82,1,1.2,19.9,2024-03-10 11:12:48
BAG-FL-2024-025730,FL-2024-025730,DL,MDW,PHX,36,36,0,0.0,20.3,2024-03-04 18:45:30
BAG-FL-2024-025740,FL-2024-025740,AS,SEA,SFO,62,62,0,0.0,19.9,2024-01-25 21:35:36
BAG-FL-2024-025750,FL-2024-025750,AA,DFW,DTW,20,20,0,0.0,26.1,2024-01-12 15:34:36
BAG-FL-2024-025760,FL-2024-025760,AS,SEA,SAN,90,90,0,0.0,14.1,2024-02-20 16:46:00
BAG-FL-2024-025780,FL-2024-025780,AA,DFW,STL,44,44,0,0.0,18.7,2024-01-29 14:05:06
BAG-FL-2024-025790,FL-2024-025790,DL,BOS,LAX,93,93,0,0.0,23.5,2024-01-19 06:58:36
BAG-FL-2024-025800,FL-2024-025800,WN,MDW,SLC,32,32,0,0.0,18.7,2024-02-14 15:06:12
BAG-FL-2024-025810,FL-2024-025810,WN,DAL,FLL,28,28,0,0.0,18.0,2024-01-01 14:54:54
BAG-FL-2024-025820,FL-2024-025820,WN,DAL,SAN,53,50,3,5.66,23.6,2024-03-08 10:49:48
BAG-FL-2024-025830,FL-2024-025830,UA,ORD,CLT,94,94,0,0.0,23.5,2024-03-15 13:42:42
BAG-FL-2024-025840,FL-2024-025840,DL,ATL,BNA,127,127,0,0.0,18.8,2024-01-14 20:43:18
BAG-FL-2024-025850,FL-2024-025850,AA,DFW,SFO,89,89,0,0.0,17.6,2024-01-01 12:44:24
BAG-FL-2024-025860,FL-2024-025860,AA,DFW,MSP,63,63,0,0.0,14.3,2024-02-09 15:58:42
BAG-FL-2024-025870,FL-2024-025870,UA,BNA,BWI,129,129,0,0.0,21.6,2024-02-10 13:55:00
BAG-FL-2024-025880,FL-2024-025880,AA,DFW,FLL,56,55,1,1.79,17.3,2024-01-31 19:03:30
BAG-FL-2024-025890,FL-2024-025890,WN,DFW,IAD,71,71,0,0.0,15.9,2024-01-04 16:38:48
BAG-FL-2024-025900,FL-2024-025900,AA,DFW,DEN,114,114,0,0.0,19.5,2024-01-29 07:14:36
BAG-FL-2024-025910,FL-2024-025910,OO,ORD,IAD,134,134,0,0.0,15.4,2024-02-10 13:09:18
BAG-FL-2024-025920,FL-2024-025920,DL,ATL,BOS,41,38,3,7.32,17.2,2024-02-10 13:19:54
BAG-FL-2024-025930,FL-2024-025930,AA,MSP,DEN,26,26,0,0.0,16.8,2024-02-19 12:38:30
BAG-FL-2024-025940,FL-2024-025940,NK,IAD,ATL,77,77,0,0.0,21.9,2024-02-22 13:26:30
BAG-FL-2024-025950,FL-2024-025950,WN,BOS,MIA,55,55,0,0.0,18.2,2024-02-03 17:22:30
BAG-FL-2024-025960,FL-2024-025960,WN,DAL,JFK,68,68,0,0.0,18.4,2024-03-08 14:23:00
BAG-FL-2024-025970,FL-2024-025970,WN,LAS,PDX,109,106,3,2.75,18.5,2024-03-29 22:54:12
BAG-FL-2024-025980,FL-2024-025980,DL,ATL,MDW,109,109,0,0.0,21.3,2024-02-27 08:18:06
BAG-FL-2024-025990,FL-2024-025990,HA,HNL,IAH,23,23,0,0.0,19.7,2024-02-15 11:29:42
BAG-FL-2024-026000,FL-2024-026000,AS,MSP,BWI,29,29,0,0.0,17.1,2024-01-21 16:47:06
BAG-FL-2024-026010,FL-2024-026010,DL,ATL,AUS,62,62,0,0.0,19.6,2024-01-16 18:51:12
BAG-FL-2024-026020,FL-2024-026020,WN,IAH,JFK,69,69,0,0.0,19.3,2024-02-28 17:36:12
BAG-FL-2024-026030,FL-2024-026030,NK,EWR,BNA,65,65,0,0.0,23.1,2024-01-21 14:03:00
BAG-FL-2024-026040,FL-2024-026040,UA,ORD,MIA,88,88,0,0.0,22.1,2024-01-27 16:23:30
BAG-FL-2024-026050,FL-2024-026050,NK,LAX,DFW,28,28,0,0.0,18.7,2024-02-29 17:17:54
BAG-FL-2024-026060,FL-2024-026060,DL,SEA,DFW,86,86,0,0.0,21.6,2024-02-04 09:59:48
BAG-FL-2024-026070,FL-2024-026070,AS,LAX,MDW,110,110,0,0.0,17.6,2024-02-06 17:08:00
BAG-FL-2024-026080,FL-2024-026080,WN,BOS,MDW,58,58,0,0.0,20.4,2024-01-25 17:26:24
BAG-FL-2024-026090,FL-2024-026090,OO,ATL,TPA,87,87,0,0.0,22.5,2024-02-02 09:35:24
BAG-FL-2024-026100,FL-2024-026100,DL,ORD,JFK,65,65,0,0.0,15.9,2024-02-04 20:22:06
BAG-FL-2024-026110,FL-2024-026110,WN,ORD,AUS,55,53,2,3.64,17.1,2024-03-25 13:45:30
BAG-FL-2024-026120,FL-2024-026120,OO,FLL,DEN,39,37,2,5.13,19.8,2024-02-09 12:39:12
BAG-FL-2024-026130,FL-2024-026130,AA,DFW,LAX,32,29,3,9.38,15.5,2024-02-27 17:40:30
BAG-FL-2024-026140,FL-2024-026140,AA,DFW,IAH,104,101,3,2.88,18.5,2024-03-30 12:34:00
BAG-FL-2024-026150,FL-2024-026150,F9,DEN,MCO,61,61,0,0.0,19.7,2024-02-29 12:58:06
BAG-FL-2024-026160,FL-2024-026160,AA,DFW,SAN,73,73,0,0.0,21.3,2024-01-10 15:10:24
BAG-FL-2024-026170,FL-2024-026170,B6,LAS,DEN,21,21,0,0.0,21.6,2024-03-13 15:21:06
BAG-FL-2024-026180,FL-2024-026180,AA,DFW,BOS,99,99,0,0.0,18.9,2024-02-10 11:23:18
BAG-FL-2024-026190,FL-2024-026190,UA,ORD,SEA,20,20,0,0.0,25.5,2024-03-07 19:13:36
BAG-FL-2024-026200,FL-2024-026200,UA,JFK,IAH,94,94,0,0.0,18.7,2024-02-08 15:22:42
BAG-FL-2024-026210,FL-2024-026210,F9,DEN,SEA,100,100,0,0.0,16.9,2024-03-23 19:19:54
BAG-FL-2024-026220,FL-2024-026220,UA,ORD,DEN,115,115,0,0.0,21.5,2024-03-04 11:16:00
BAG-FL-2024-026230,FL-2024-026230,AA,DFW,MIA,20,20,0,0.0,18.9,2024-02-24 11:12:06
BAG-FL-2024-026240,FL-2024-026240,UA,ORD,MSP,35,35,0,0.0,20.5,2024-01-26 14:06:48
BAG-FL-2024-026250,FL-2024-026250,WN,DAL,CLT,32,32,0,0.0,21.8,2024-03-21 07:08:36
BAG-FL-2024-026260,FL-2024-026260,AA,ATL,MSP,55,55,0,0.0,19.6,2024-03-15 12:41:42
BAG-FL-2024-026270,FL-2024-026270,AS,SEA,JFK,140,138,2,1.43,19.2,2024-02-05 23:01:06
BAG-FL-2024-026280,FL-2024-026280,WN,DAL,SFO,107,107,0,0.0,19.2,2024-03-09 12:19:36
BAG-FL-2024-026290,FL-2024-026290,AA,PHX,DTW,86,86,0,0.0,23.8,2024-01-07 14:43:12
BAG-FL-2024-026300,FL-2024-026300,AA,FLL,PDX,109,109,0,0.0,19.2,2024-01-08 10:37:42
BAG-FL-2024-026310,FL-2024-026310,WN,BNA,IAH,139,139,0,0.0,16.9,2024-01-03 09:04:24
BAG-FL-2024-026320,FL-2024-026320,UA,SEA,MIA,49,49,0,0.0,17.4,2024-02-16 16:55:24
BAG-FL-2024-026330,FL-2024-026330,NK,FLL,LAX,56,56,0,0.0,20.9,2024-02-25 06:15:12
BAG-FL-2024-026340,FL-2024-026340,WN,DAL,TPA,113,113,0,0.0,20.4,2024-01-17 11:30:36
BAG-FL-2024-026350,FL-2024-026350,AS,JFK,LAX,62,62,0,0.0,23.5,2024-02-14 08:00:36
BAG-FL-2024-026360,FL-2024-026360,WN,DAL,ORD,38,37,1,2.63,18.4,2024-02-28 19:40:12
BAG-FL-2024-026370,FL-2024-026370,DL,ATL,SLC,102,102,0,0.0,17.4,2024-02-01 16:05:06
BAG-FL-2024-026380,FL-2024-026380,WN,DAL,LAX,55,53,2,3.64,17.6,2024-02-08 22:57:36
BAG-FL-2024-026390,FL-2024-026390,UA,ORD,DAL,132,132,0,0.0,19.5,2024-03-01 15:34:24
BAG-FL-2024-026400,FL-2024-026400,DL,ATL,SEA,125,125,0,0.0,17.6,2024-02-23 18:43:24
BAG-FL-2024-026410,FL-2024-026410,WN,IAD,LAX,41,41,0,0.0,14.8,2024-03-08 15:47:42
BAG-FL-2024-026420,FL-2024-026420,AA,SEA,DTW,58,58,0,0.0,22.5,2024-01-21 16:44:00
BAG-FL-2024-026430,FL-2024-026430,OO,SLC,SAN,48,48,0,0.0,14.0,2024-01-01 06:09:30
BAG-FL-2024-026440,FL-2024-026440,AS,SEA,JFK,133,131,2,1.5,19.7,2024-02-17 14:57:30
BAG-FL-2024-026450,FL-2024-026450,AS,MSP,PDX,65,65,0,0.0,14.4,2024-02-05 11:17:30
BAG-FL-2024-026460,FL-2024-026460,NK,LAS,SFO,68,68,0,0.0,22.0,2024-03-04 17:36:06
BAG-FL-2024-026470,FL-2024-026470,WN,PHX,JFK,128,128,0,0.0,19.9,2024-02-12 21:01:36
BAG-FL-2024-026480,FL-2024-026480,HA,HNL,BWI,47,47,0,0.0,23.6,2024-03-15 12:21:18
BAG-FL-2024-026490,FL-2024-026490,AA,MCO,EWR,90,90,0,0.0,20.0,2024-02-03 15:20:30
BAG-FL-2024-026500,FL-2024-026500,UA,PDX,FLL,66,66,0,0.0,17.2,2024-01-30 11:52:42
BAG-FL-2024-026510,FL-2024-026510,DL,DEN,TPA,121,121,0,0.0,23.2,2024-03-07 06:05:54
BAG-FL-2024-026520,FL-2024-026520,AA,DFW,ATL,59,59,0,0.0,20.4,2024-03-25 20:27:12
BAG-FL-2024-026530,FL-2024-026530,WN,DAL,SAN,38,38,0,0.0,19.4,2024-03-09 13:08:54
BAG-FL-2024-026540,FL-2024-026540,UA,ORD,MSP,37,37,0,0.0,13.0,2024-02-12 16:43:30
BAG-FL-2024-026550,FL-2024-026550,UA,SEA,ATL,35,35,0,0.0,19.0,2024-02-16 22:19:48
BAG-FL-2024-026560,FL-2024-026560,UA,STL,BWI,59,59,0,0.0,18.8,2024-02-12 13:11:48
BAG-FL-2024-026570,FL-2024-026570,OO,SLC,LAS,84,84,0,0.0,15.5,2024-02-14 16:18:48
BAG-FL-2024-026580,FL-2024-026580,AA,LAS,MCO,84,84,0,0.0,18.3,2024-03-10 11:13:18
BAG-FL-2024-026590,FL-2024-026590,AS,SFO,MIA,117,117,0,0.0,22.5,2024-01-28 20:55:24
BAG-FL-2024-026600,FL-2024-026600,WN,MSP,DTW,27,27,0,0.0,20.7,2024-02-03 12:09:30
BAG-FL-2024-026610,FL-2024-026610,WN,DAL,MDW,54,54,0,0.0,20.0,2024-02-24 14:05:00
BAG-FL-2024-026620,FL-2024-026620,AA,SLC,LAX,22,22,0,0.0,16.6,2024-02-06 13:48:30
BAG-FL-2024-026630,FL-2024-026630,WN,LAS,FLL,26,26,0,0.0,23.2,2024-01-21 12:32:06
BAG-FL-2024-026640,FL-2024-026640,DL,ATL,DAL,105,102,3,2.86,13.2,2024-01-12 17:52:42
BAG-FL-2024-026650,FL-2024-026650,AA,DFW,SEA,69,69,0,0.0,14.5,2024-02-21 15:05:06
BAG-FL-2024-026660,FL-2024-026660,AA,MDW,SFO,73,73,0,0.0,18.2,2024-01-25 15:10:30
BAG-FL-2024-026670,FL-2024-026670,AA,PHX,LAX,68,68,0,0.0,15.9,2024-02-08 15:11:30
BAG-FL-2024-026680,FL-2024-026680,UA,FLL,AUS,61,61,0,0.0,22.3,2024-02-08 11:58:54
BAG-FL-2024-026690,FL-2024-026690,AA,DFW,SLC,78,78,0,0.0,19.1,2024-02-03 18:26:54
BAG-FL-2024-026700,FL-2024-026700,UA,ORD,DTW,85,85,0,0.0,16.0,2024-02-21 10:24:42
BAG-FL-2024-026710,FL-2024-026710,OO,SLC,MSP,62,62,0,0.0,14.4,2024-02-27 11:26:30
BAG-FL-2024-026720,FL-2024-026720,AS,DEN,BOS,73,73,0,0.0,18.4,2024-03-26 15:36:36
BAG-FL-2024-026730,FL-2024-026730,AA,DTW,DAL,106,104,2,1.89,20.7,2024-03-24 17:01:12
BAG-FL-2024-026740,FL-2024-026740,DL,PDX,HNL,117,117,0,0.0,21.4,2024-03-07 21:19:18
BAG-FL-2024-026750,FL-2024-026750,OO,SLC,SFO,36,36,0,0.0,19.3,2024-01-01 14:47:24
BAG-FL-2024-026760,FL-2024-026760,B6,JFK,DAL,29,29,0,0.0,15.7,2024-01-02 14:40:24
BAG-FL-2024-026770,FL-2024-026770,F9,DEN,MIA,84,84,0,0.0,19.3,2024-01-14 14:54:06
BAG-FL-2024-026780,FL-2024-026780,UA,DFW,JFK,74,74,0,0.0,18.4,2024-01-29 16:54:12
BAG-FL-2024-026790,FL-2024-026790,DL,BWI,IAD,31,31,0,0.0,19.0,2024-02-29 10:02:00
BAG-FL-2024-026800,FL-2024-026800,DL,STL,LAX,92,92,0,0.0,24.1,2024-03-08 11:08:06
BAG-FL-2024-026810,FL-2024-026810,UA,ORD,BOS,137,137,0,0.0,18.0,2024-02-08 15:41:12
BAG-FL-2024-026820,FL-2024-026820,NK,FLL,SEA,120,120,0,0.0,17.3,2024-02-20 09:48:42
BAG-FL-2024-026830,FL-2024-026830,OO,SLC,DFW,98,98,0,0.0,14.1,2024-02-08 11:40:42
BAG-FL-2024-026840,FL-2024-026840,DL,ATL,LAS,127,127,0,0.0,15.7,2024-03-25 12:17:06
BAG-FL-2024-026850,FL-2024-026850,UA,MIA,BOS,24,24,0,0.0,25.3,2024-01-01 12:36:06
BAG-FL-2024-026860,FL-2024-026860,HA,IAD,SEA,46,46,0,0.0,16.9,2024-02-25 22:53:54
BAG-FL-2024-026870,FL-2024-026870,AA,DFW,ORD,38,38,0,0.0,18.1,2024-03-22 12:46:00
BAG-FL-2024-026880,FL-2024-026880,UA,FLL,IAH,134,134,0,0.0,19.7,2024-01-19 08:50:30
BAG-FL-2024-026890,FL-2024-026890,F9,EWR,MDW,82,82,0,0.0,21.0,2024-02-20 11:06:18
BAG-FL-2024-026900,FL-2024-026900,OO,DEN,BNA,79,78,1,1.27,17.7,2024-02-07 10:09:30
BAG-FL-2024-026910,FL-2024-026910,UA,PDX,DTW,51,51,0,0.0,14.6,2024-02-09 12:24:18
BAG-FL-2024-026920,FL-2024-026920,OO,SLC,LAX,27,27,0,0.0,16.5,2024-03-16 20:19:36
BAG-FL-2024-026930,FL-2024-026930,AS,SEA,JFK,63,63,0,0.0,18.9,2024-03-18 06:36:06
BAG-FL-2024-026940,FL-2024-026940,DL,BWI,ATL,60,60,0,0.0,13.8,2024-01-09 17:11:12
BAG-FL-2024-026950,FL-2024-026950,WN,DAL,DEN,79,76,3,3.8,13.3,2024-01-17 07:04:42
BAG-FL-2024-026960,FL-2024-026960,DL,DFW,FLL,108,108,0,0.0,23.8,2024-01-30 11:44:54
BAG-FL-2024-026970,FL-2024-026970,UA,ORD,SAN,20,20,0,0.0,15.3,2024-02-07 15:13:00
BAG-FL-2024-026980,FL-2024-026980,DL,JFK,PDX,75,75,0,0.0,17.1,2024-02-18 13:16:06
BAG-FL-2024-026990,FL-2024-026990,AA,SLC,CLT,24,24,0,0.0,20.8,2024-01-19 14:40:30
BAG-FL-2024-027000,FL-2024-027000,DL,PHX,SEA,20,20,0,0.0,20.8,2024-01-27 13:55:42
BAG-FL-2024-027010,FL-2024-027010,UA,ORD,DEN,129,129,0,0.0,23.3,2024-03-02 17:43:48
BAG-FL-2024-027020,FL-2024-027020,AA,IAD,BOS,27,27,0,0.0,18.3,2024-02-28 19:23:24
BAG-FL-2024-027030,FL-2024-027030,DL,BWI,IAH,65,62,3,4.62,15.2,2024-01-01 12:36:48
BAG-FL-2024-027040,FL-2024-027040,UA,ORD,LAX,31,31,0,0.0,22.8,2024-03-23 09:30:36
BAG-FL-2024-027050,FL-2024-027050,AA,DFW,MCO,104,104,0,0.0,22.4,2024-01-21 12:55:24
BAG-FL-2024-027060,FL-2024-027060,OO,FLL,ATL,43,42,1,2.33,15.3,2024-03-04 17:49:18
BAG-FL-2024-027070,FL-2024-027070,AA,SEA,BNA,108,108,0,0.0,17.3,2024-01-03 13:22:48
BAG-FL-2024-027080,FL-2024-027080,AA,DFW,SLC,34,34,0,0.0,20.8,2024-02-22 13:19:48
BAG-FL-2024-027090,FL-2024-027090,UA,DEN,BNA,117,117,0,0.0,22.2,2024-03-28 10:14:48
BAG-FL-2024-027100,FL-2024-027100,AS,SFO,DEN,78,78,0,0.0,13.6,2024-02-14 18:26:48
BAG-FL-2024-027110,FL-2024-027110,OO,IAH,IAD,73,73,0,0.0,18.5,2024-02-20 10:27:30
BAG-FL-2024-027120,FL-2024-027120,WN,ATL,DTW,90,90,0,0.0,16.9,2024-02-22 15:00:54
BAG-FL-2024-027130,FL-2024-027130,DL,EWR,MSP,68,68,0,0.0,19.3,2024-02-05 13:27:30
BAG-FL-2024-027140,FL-2024-027140,OO,SLC,DEN,131,131,0,0.0,17.7,2024-03-09 09:20:36
BAG-FL-2024-027150,FL-2024-027150,WN,LAX,DTW,46,46,0,0.0,15.2,2024-02-18 13:33:12
BAG-FL-2024-027160,FL-2024-027160,DL,ATL,DAL,131,131,0,0.0,19.9,2024-02-11 14:25:30
BAG-FL-2024-027170,FL-2024-027170,OO,SLC,PDX,136,136,0,0.0,23.2,2024-03-08 14:15:24
BAG-FL-2024-027180,FL-2024-027180,NK,FLL,LAS,23,23,0,0.0,23.3,2024-03-12 12:43:18
BAG-FL-2024-027190,FL-2024-027190,DL,ATL,IAH,138,138,0,0.0,19.3,2024-02-11 18:43:12
BAG-FL-2024-027200,FL-2024-027200,AA,DTW,PHX,43,43,0,0.0,16.8,2024-01-17 19:50:30
BAG-FL-2024-027210,FL-2024-027210,DL,ATL,JFK,25,25,0,0.0,12.4,2024-02-02 15:13:18
BAG-FL-2024-027220,FL-2024-027220,DL,SAN,BWI,73,73,0,0.0,26.0,2024-01-05 14:52:24
BAG-FL-2024-027230,FL-2024-027230,WN,IAD,PDX,61,61,0,0.0,16.4,2024-01-17 19:27:42
BAG-FL-2024-027240,FL-2024-027240,AS,PDX,IAD,43,43,0,0.0,19.7,2024-03-05 20:15:36
BAG-FL-2024-027250,FL-2024-027250,AA,TPA,IAD,37,35,2,5.41,23.0,2024-01-17 22:53:30
BAG-FL-2024-027260,FL-2024-027260,AA,FLL,AUS,29,29,0,0.0,20.7,2024-03-28 20:22:42
BAG-FL-2024-027270,FL-2024-027270,NK,BWI,JFK,140,139,1,0.71,17.0,2024-02-11 20:52:48
BAG-FL-2024-027280,FL-2024-027280,AA,BNA,LAS,101,98,3,2.97,17.7,2024-02-10 17:28:42
BAG-FL-2024-027290,FL-2024-027290,AA,BOS,BNA,133,133,0,0.0,19.4,2024-01-20 12:58:18
BAG-FL-2024-027300,FL-2024-027300,AA,STL,BNA,80,80,0,0.0,18.4,2024-03-15 15:07:30
BAG-FL-2024-027310,FL-2024-027310,AA,DFW,CLT,45,45,0,0.0,20.6,2024-01-29 11:14:54
BAG-FL-2024-027320,FL-2024-027320,UA,ORD,TPA,23,23,0,0.0,19.4,2024-01-08 07:20:42
BAG-FL-2024-027330,FL-2024-027330,DL,MIA,SLC,94,94,0,0.0,17.1,2024-03-29 08:54:00
BAG-FL-2024-027340,FL-2024-027340,AS,BOS,DEN,100,100,0,0.0,19.6,2024-01-03 15:15:36
BAG-FL-2024-027350,FL-2024-027350,DL,MIA,IAD,22,20,2,9.09,13.3,2024-03-05 23:49:12
BAG-FL-2024-027360,FL-2024-027360,UA,BNA,IAH,138,138,0,0.0,20.5,2024-03-30 06:52:36
BAG-FL-2024-027370,FL-2024-027370,B6,IAD,IAH,23,23,0,0.0,18.6,2024-03-28 21:26:00
BAG-FL-2024-027380,FL-2024-027380,UA,ORD,SLC,24,24,0,0.0,21.2,2024-01-09 08:23:06
BAG-FL-2024-027390,FL-2024-027390,OO,PDX,SLC,26,23,3,11.54,19.3,2024-01-18 17:08:42
BAG-FL-2024-027400,FL-2024-027400,DL,ATL,IAD,60,60,0,0.0,20.2,2024-01-05 17:21:06
BAG-FL-2024-027410,FL-2024-027410,DL,ATL,BNA,34,31,3,8.82,18.2,2024-02-18 11:01:00
BAG-FL-2024-027420,FL-2024-027420,UA,ORD,BNA,42,42,0,0.0,16.2,2024-03-14 16:18:48
BAG-FL-2024-027430,FL-2024-027430,DL,ATL,MIA,81,81,0,0.0,17.8,2024-01-21 12:58:12
BAG-FL-2024-027440,FL-2024-027440,B6,JFK,MCO,106,106,0,0.0,18.7,2024-02-21 13:30:18
BAG-FL-2024-027450,FL-2024-027450,WN,DAL,PHX,39,39,0,0.0,22.1,2024-03-06 06:09:24
BAG-FL-2024-027460,FL-2024-027460,DL,ATL,BOS,105,105,0,0.0,22.6,2024-03-28 11:07:00
BAG-FL-2024-027470,FL-2024-027470,B6,CLT,DTW,78,78,0,0.0,20.0,2024-03-20 10:21:18
BAG-FL-2024-027480,FL-2024-027480,AS,MCO,BOS,137,137,0,0.0,15.9,2024-02-07 18:22:42
BAG-FL-2024-027490,FL-2024-027490,UA,MCO,IAH,44,44,0,0.0,16.6,2024-01-19 14:26:24
BAG-FL-2024-027500,FL-2024-027500,AA,DFW,IAD,52,52,0,0.0,22.1,2024-01-30 10:53:00
BAG-FL-2024-027510,FL-2024-027510,UA,ORD,FLL,118,118,0,0.0,20.7,2024-02-23 13:18:12
BAG-FL-2024-027520,FL-2024-027520,B6,JFK,DAL,121,120,1,0.83,17.6,2024-03-25 14:59:06
BAG-FL-2024-027530,FL-2024-027530,AS,DTW,SAN,36,36,0,0.0,20.0,2024-03-22 11:40:00
BAG-FL-2024-027540,FL-2024-027540,UA,ORD,MSP,136,136,0,0.0,24.4,2024-01-18 17:24:54
BAG-FL-2024-027550,FL-2024-027550,UA,ORD,BOS,25,25,0,0.0,20.8,2024-03-18 12:57:12
BAG-FL-2024-027560,FL-2024-027560,AS,MCO,IAD,43,43,0,0.0,19.0,2024-02-23 13:36:48
BAG-FL-2024-027570,FL-2024-027570,DL,MIA,DEN,96,96,0,0.0,17.8,2024-03-01 10:11:54
BAG-FL-2024-027580,FL-2024-027580,DL,ATL,PDX,43,43,0,0.0,15.4,2024-02-24 11:28:54
BAG-FL-2024-027590,FL-2024-027590,UA,ORD,MCO,52,52,0,0.0,19.7,2024-02-21 18:30:24
BAG-FL-2024-027600,FL-2024-027600,B6,DEN,MDW,59,57,2,3.39,17.9,2024-01-02 18:58:24
BAG-FL-2024-027610,FL-2024-027610,DL,ATL,PHX,72,72,0,0.0,21.4,2024-02-03 14:43:54
BAG-FL-2024-027620,FL-2024-027620,AS,BWI,PDX,127,127,0,0.0,23.6,2024-01-30 16:01:48
BAG-FL-2024-027630,FL-2024-027630,DL,DEN,ATL,59,59,0,0.0,16.5,2024-01-26 18:50:54
BAG-FL-2024-027640,FL-2024-027640,DL,SLC,MDW,48,48,0,0.0,16.6,2024-02-10 17:33:18
BAG-FL-2024-027650,FL-2024-027650,UA,ORD,MDW,38,38,0,0.0,23.7,2024-01-18 17:04:24
BAG-FL-2024-027660,FL-2024-027660,F9,DEN,HNL,104,104,0,0.0,23.9,2024-03-20 17:47:48
BAG-FL-2024-027670,FL-2024-027670,DL,MCO,SLC,28,28,0,0.0,19.6,2024-02-23 16:40:36
BAG-FL-2024-027680,FL-2024-027680,AA,DFW,SEA,107,106,1,0.93,14.5,2024-03-02 17:53:18
BAG-FL-2024-027690,FL-2024-027690,OO,SLC,FLL,38,38,0,0.0,15.7,2024-02-16 14:03:06
BAG-FL-2024-027700,FL-2024-027700,WN,IAD,JFK,80,80,0,0.0,20.2,2024-02-26 12:20:12
BAG-FL-2024-027710,FL-2024-027710,DL,ATL,DAL,127,127,0,0.0,19.1,2024-03-28 13:20:42
BAG-FL-2024-027720,FL-2024-027720,AA,ORD,LAS,128,128,0,0.0,22.3,2024-02-22 19:40:36
BAG-FL-2024-027730,FL-2024-027730,DL,SEA,CLT,53,53,0,0.0,18.1,2024-02-24 08:25:48
BAG-FL-2024-027740,FL-2024-027740,UA,MDW,EWR,127,127,0,0.0,12.4,2024-03-16 13:57:12
BAG-FL-2024-027750,FL-2024-027750,HA,HNL,LAS,64,64,0,0.0,20.0,2024-01-20 14:01:18
BAG-FL-2024-027760,FL-2024-027760,UA,ORD,SFO,25,25,0,0.0,20.1,2024-01-21 18:14:00
BAG-FL-2024-027770,FL-2024-027770,UA,DEN,AUS,76,76,0,0.0,24.5,2024-02-23 08:24:24
BAG-FL-2024-027780,FL-2024-027780,DL,JFK,AUS,126,126,0,0.0,15.5,2024-01-24 10:52:36
BAG-FL-2024-027790,FL-2024-027790,WN,TPA,LAX,35,35,0,0.0,13.9,2024-03-04 07:44:42
BAG-FL-2024-027800,FL-2024-027800,B6,MIA,HNL,83,83,0,0.0,16.5,2024-03-12 12:40:12
BAG-FL-2024-027810,FL-2024-027810,AS,SEA,ORD,51,51,0,0.0,20.1,2024-02-15 06:26:48
BAG-FL-2024-027820,FL-2024-027820,B6,IAD,PDX,62,62,0,0.0,22.1,2024-02-19 16:43:42
BAG-FL-2024-027830,FL-2024-027830,WN,DAL,DFW,23,23,0,0.0,17.4,2024-02-20 11:22:24
BAG-FL-2024-027840,FL-2024-027840,WN,DAL,IAH,42,42,0,0.0,20.8,2024-02-14 14:28:00
BAG-FL-2024-027850,FL-2024-027850,UA,LAX,IAH,77,77,0,0.0,21.1,2024-02-17 16:58:54
BAG-FL-2024-027860,FL-2024-027860,NK,MSP,LAS,73,73,0,0.0,16.8,2024-03-18 07:14:18
BAG-FL-2024-027870,FL-2024-027870,OO,SLC,DFW,21,21,0,0.0,14.9,2024-03-25 12:08:36
BAG-FL-2024-027880,FL-2024-027880,WN,DAL,SAN,81,81,0,0.0,23.4,2024-01-31 16:56:24
BAG-FL-2024-027890,FL-2024-027890,DL,MCO,DEN,69,69,0,0.0,22.0,2024-03-07 06:19:00
BAG-FL-2024-027910,FL-2024-027910,OO,SLC,SAN,55,55,0,0.0,17.3,2024-02-15 14:12:12
BAG-FL-2024-027920,FL-2024-027920,OO,FLL,MSP,71,71,0,0.0,17.1,2024-02-21 15:49:54
BAG-FL-2024-027930,FL-2024-027930,UA,SLC,MSP,31,31,0,0.0,13.6,2024-03-01 12:31:30
BAG-FL-2024-027940,FL-2024-027940,B6,JFK,EWR,70,70,0,0.0,18.7,2024-03-16 16:32:06
BAG-FL-2024-027950,FL-2024-027950,AS,HNL,PHX,79,78,1,1.27,18.4,2024-03-11 20:06:30
BAG-FL-2024-027960,FL-2024-027960,WN,TPA,AUS,51,51,0,0.0,21.9,2024-03-11 05:52:54
BAG-FL-2024-027970,FL-2024-027970,DL,MDW,MCO,115,115,0,0.0,15.0,2024-01-18 13:54:36
BAG-FL-2024-027980,FL-2024-027980,OO,SAN,PDX,24,24,0,0.0,19.7,2024-03-05 18:28:42
BAG-FL-2024-027990,FL-2024-027990,AA,DFW,DTW,105,105,0,0.0,16.2,2024-03-20 13:42:30
BAG-FL-2024-028000,FL-2024-028000,AA,PDX,LAX,131,130,1,0.76,13.9,2024-03-16 12:28:12
BAG-FL-2024-028010,FL-2024-028010,WN,DAL,SEA,111,109,2,1.8,20.7,2024-03-26 18:49:36
BAG-FL-2024-028020,FL-2024-028020,UA,ORD,BWI,70,70,0,0.0,21.2,2024-03-29 15:54:48
BAG-FL-2024-028030,FL-2024-028030,DL,ATL,DFW,58,58,0,0.0,18.0,2024-01-25 14:03:12
BAG-FL-2024-028040,FL-2024-028040,AA,DFW,STL,42,42,0,0.0,17.7,2024-02-10 21:51:18
BAG-FL-2024-028050,FL-2024-028050,AA,BOS,ATL,70,70,0,0.0,16.8,2024-01-19 15:54:18
BAG-FL-2024-028060,FL-2024-028060,OO,ATL,MSP,41,41,0,0.0,23.3,2024-01-09 22:17:36
BAG-FL-2024-028070,FL-2024-028070,AA,EWR,IAH,53,53,0,0.0,18.2,2024-01-03 15:44:00
BAG-FL-2024-028080,FL-2024-028080,DL,ATL,JFK,44,44,0,0.0,16.2,2024-01-10 21:18:48
BAG-FL-2024-028090,FL-2024-028090,B6,BNA,PHX,66,65,1,1.52,20.2,2024-01-10 19:32:06
BAG-FL-2024-028100,FL-2024-028100,OO,SLC,MIA,135,135,0,0.0,16.7,2024-01-10 13:53:00
BAG-FL-2024-028110,FL-2024-028110,AS,MSP,ATL,55,55,0,0.0,14.8,2024-03-09 14:49:12
BAG-FL-2024-028120,FL-2024-028120,NK,FLL,SEA,62,60,2,3.23,18.8,2024-01-07 19:15:48
BAG-FL-2024-028130,FL-2024-028130,NK,LAS,HNL,56,56,0,0.0,21.2,2024-03-20 08:50:54
BAG-FL-2024-028140,FL-2024-028140,OO,PHX,STL,126,126,0,0.0,21.1,2024-02-20 10:08:18
BAG-FL-2024-028150,FL-2024-028150,UA,ORD,MCO,44,44,0,0.0,23.8,2024-03-17 07:15:48
BAG-FL-2024-028160,FL-2024-028160,AA,DFW,LAS,130,130,0,0.0,20.3,2024-02-11 09:36:36
BAG-FL-2024-028170,FL-2024-028170,DL,IAH,BNA,63,62,1,1.59,25.6,2024-02-14 15:22:06
BAG-FL-2024-028180,FL-2024-028180,B6,JFK,BOS,65,65,0,0.0,17.9,2024-03-08 16:28:24
BAG-FL-2024-028190,FL-2024-028190,AS,HNL,DAL,104,104,0,0.0,21.2,2024-02-16 19:59:00
BAG-FL-2024-028200,FL-2024-028200,AA,LAS,EWR,26,26,0,0.0,18.0,2024-03-30 15:47:06
BAG-FL-2024-028210,FL-2024-028210,WN,DAL,TPA,104,104,0,0.0,16.5,2024-03-15 09:16:36
BAG-FL-2024-028220,FL-2024-028220,OO,SLC,SEA,74,74,0,0.0,18.9,2024-02-13 17:39:42
BAG-FL-2024-028230,FL-2024-028230,AA,DFW,ATL,38,38,0,0.0,21.1,2024-01-21 14:41:24
BAG-FL-2024-028240,FL-2024-028240,AS,SFO,ATL,58,58,0,0.0,21.6,2024-01-28 13:19:00
BAG-FL-2024-028250,FL-2024-028250,OO,SLC,STL,37,37,0,0.0,20.5,2024-01-15 11:59:36
BAG-FL-2024-028260,FL-2024-028260,AS,SEA,MIA,116,115,1,0.86,21.6,2024-02-14 16:03:54
BAG-FL-2024-028270,FL-2024-028270,UA,ATL,PDX,69,69,0,0.0,18.3,2024-01-12 10:05:30
BAG-FL-2024-028280,FL-2024-028280,WN,FLL,DTW,38,38,0,0.0,14.3,2024-02-13 14:24:36
BAG-FL-2024-028290,FL-2024-028290,B6,JFK,MCO,42,42,0,0.0,21.0,2024-03-20 14:20:36
BAG-FL-2024-028300,FL-2024-028300,AS,EWR,SEA,63,63,0,0.0,16.6,2024-02-17 15:50:00
BAG-FL-2024-028310,FL-2024-028310,AS,LAS,JFK,56,56,0,0.0,17.5,2024-03-11 16:40:24
BAG-FL-2024-028320,FL-2024-028320,AA,DFW,PHX,66,63,3,4.55,19.1,2024-02-21 21:05:54
BAG-FL-2024-028330,FL-2024-028330,AA,DFW,LAX,76,76,0,0.0,20.4,2024-02-28 21:57:06
BAG-FL-2024-028340,FL-2024-028340,OO,DAL,SLC,59,58,1,1.69,15.5,2024-03-30 18:43:30
BAG-FL-2024-028350,FL-2024-028350,DL,ATL,JFK,91,91,0,0.0,16.4,2024-01-06 14:43:48
BAG-FL-2024-028360,FL-2024-028360,UA,ATL,AUS,73,73,0,0.0,18.5,2024-02-14 15:00:30
BAG-FL-2024-028370,FL-2024-028370,WN,JFK,AUS,101,101,0,0.0,17.0,2024-03-27 06:27:12
BAG-FL-2024-028380,FL-2024-028380,AA,DFW,JFK,64,64,0,0.0,22.3,2024-01-09 17:25:42
BAG-FL-2024-028390,FL-2024-028390,WN,DAL,DEN,131,131,0,0.0,19.3,2024-01-02 10:54:42
BAG-FL-2024-028400,FL-2024-028400,B6,JFK,DAL,133,133,0,0.0,21.3,2024-03-14 17:01:54
BAG-FL-2024-028410,FL-2024-028410,WN,DAL,STL,39,39,0,0.0,18.8,2024-03-04 10:44:12
BAG-FL-2024-028420,FL-2024-028420,AS,SEA,ORD,56,56,0,0.0,17.8,2024-02-10 19:42:00
BAG-FL-2024-028430,FL-2024-028430,UA,DEN,ATL,121,121,0,0.0,14.3,2024-02-13 16:54:12
BAG-FL-2024-028440,FL-2024-028440,AA,DFW,IAD,94,94,0,0.0,19.6,2024-03-07 22:33:42
BAG-FL-2024-028450,FL-2024-028450,WN,PHX,EWR,81,81,0,0.0,17.0,2024-02-21 14:31:42
BAG-FL-2024-028460,FL-2024-028460,AA,DFW,MDW,78,78,0,0.0,18.4,2024-01-30 12:27:12
BAG-FL-2024-028470,FL-2024-028470,AA,DFW,SFO,43,42,1,2.33,18.7,2024-01-27 11:26:48
BAG-FL-2024-028480,FL-2024-028480,OO,PDX,CLT,68,68,0,0.0,16.1,2024-01-14 14:13:06
BAG-FL-2024-028490,FL-2024-028490,B6,EWR,AUS,27,27,0,0.0,16.2,2024-01-02 16:07:24
BAG-FL-2024-028500,FL-2024-028500,AA,DFW,MCO,130,130,0,0.0,23.7,2024-03-20 18:51:54
BAG-FL-2024-028510,FL-2024-028510,UA,ORD,ATL,71,71,0,0.0,19.9,2024-03-24 06:50:42
BAG-FL-2024-028520,FL-2024-028520,AS,SEA,IAD,64,64,0,0.0,20.2,2024-03-18 21:24:36
BAG-FL-2024-028530,FL-2024-028530,DL,MSP,EWR,85,85,0,0.0,18.5,2024-01-23 15:18:30
BAG-FL-2024-028540,FL-2024-028540,WN,DAL,BWI,40,37,3,7.5,20.6,2024-02-12 13:56:24
BAG-FL-2024-028550,FL-2024-028550,WN,FLL,ATL,111,111,0,0.0,18.7,2024-02-27 13:50:54
BAG-FL-2024-028560,FL-2024-028560,OO,CLT,MCO,45,45,0,0.0,20.2,2024-02-02 11:45:06
BAG-FL-2024-028570,FL-2024-028570,AS,SEA,DFW,95,95,0,0.0,20.4,2024-03-24 08:55:48
BAG-FL-2024-028580,FL-2024-028580,UA,ORD,DEN,47,47,0,0.0,19.7,2024-01-27 09:45:48
BAG-FL-2024-028590,FL-2024-028590,DL,ATL,BWI,132,130,2,1.52,20.5,2024-01-19 15:43:12
BAG-FL-2024-028600,FL-2024-028600,NK,FLL,MIA,74,74,0,0.0,18.6,2024-02-22 15:05:36
BAG-FL-2024-028610,FL-2024-028610,AA,SFO,ORD,27,27,0,0.0,13.8,2024-02-28 17:08:12
BAG-FL-2024-028620,FL-2024-028620,OO,SLC,MIA,72,72,0,0.0,20.4,2024-01-29 22:43:42
BAG-FL-2024-028630,FL-2024-028630,WN,DAL,IAH,107,107,0,0.0,23.4,2024-01-29 12:26:42
BAG-FL-2024-028640,FL-2024-028640,WN,DAL,BWI,71,71,0,0.0,16.2,2024-02-13 10:12:06
BAG-FL-2024-028650,FL-2024-028650,F9,EWR,ATL,61,61,0,0.0,18.6,2024-03-19 16:14:30
BAG-FL-2024-028660,FL-2024-028660,WN,STL,ORD,36,36,0,0.0,16.6,2024-02-24 14:21:00
BAG-FL-2024-028670,FL-2024-028670,UA,LAX,DTW,117,117,0,0.0,19.4,2024-02-08 12:57:36
BAG-FL-2024-028680,FL-2024-028680,AA,TPA,LAS,32,32,0,0.0,20.9,2024-02-21 09:54:18
BAG-FL-2024-028690,FL-2024-028690,AS,SEA,LAS,64,64,0,0.0,23.5,2024-01-16 18:13:12
BAG-FL-2024-028700,FL-2024-028700,UA,EWR,ATL,117,117,0,0.0,16.5,2024-02-10 12:16:00
BAG-FL-2024-028710,FL-2024-028710,OO,DEN,LAX,70,70,0,0.0,15.8,2024-03-11 15:45:00
BAG-FL-2024-028720,FL-2024-028720,AS,SEA,MDW,33,31,2,6.06,23.0,2024-03-12 08:36:24
BAG-FL-2024-028730,FL-2024-028730,WN,DAL,DEN,67,67,0,0.0,23.6,2024-02-03 12:30:18
BAG-FL-2024-028740,FL-2024-028740,AS,DFW,SLC,20,20,0,0.0,18.7,2024-03-22 16:07:24
BAG-FL-2024-028750,FL-2024-028750,OO,JFK,BNA,75,75,0,0.0,24.5,2024-01-03 12:23:00
BAG-FL-2024-028760,FL-2024-028760,WN,DAL,ORD,125,125,0,0.0,18.4,2024-01-11 15:36:54
BAG-FL-2024-028770,FL-2024-028770,AA,PHX,MDW,93,93,0,0.0,16.4,2024-01-03 15:16:48
BAG-FL-2024-028780,FL-2024-028780,NK,IAH,IAD,40,40,0,0.0,18.6,2024-03-05 13:49:36
BAG-FL-2024-028790,FL-2024-028790,DL,DEN,EWR,59,59,0,0.0,17.4,2024-03-07 14:22:42
BAG-FL-2024-028800,FL-2024-028800,B6,FLL,ATL,107,107,0,0.0,17.8,2024-03-24 16:20:42
BAG-FL-2024-028810,FL-2024-028810,DL,ATL,STL,57,57,0,0.0,13.1,2024-03-25 14:44:24
BAG-FL-2024-028820,FL-2024-028820,NK,LAS,BOS,81,79,2,2.47,19.3,2024-02-29 17:52:42
BAG-FL-2024-028830,FL-2024-028830,AA,DFW,IAD,63,63,0,0.0,13.0,2024-01-02 14:30:12
BAG-FL-2024-028840,FL-2024-028840,AS,CLT,LAS,34,34,0,0.0,17.5,2024-02-06 14:59:18
BAG-FL-2024-028850,FL-2024-028850,OO,SLC,IAD,27,27,0,0.0,22.5,2024-03-13 13:18:06
BAG-FL-2024-028860,FL-2024-028860,DL,CLT,DFW,128,128,0,0.0,16.0,2024-01-17 19:42:30
BAG-FL-2024-028870,FL-2024-028870,AA,EWR,SLC,122,119,3,2.46,21.3,2024-02-19 17:44:30
BAG-FL-2024-028880,FL-2024-028880,AA,AUS,SEA,115,115,0,0.0,20.9,2024-01-15 22:29:24
BAG-FL-2024-028890,FL-2024-028890,UA,FLL,SEA,67,67,0,0.0,16.4,2024-02-11 14:32:18
BAG-FL-2024-028900,FL-2024-028900,B6,PDX,MCO,133,133,0,0.0,18.5,2024-02-17 14:54:06
BAG-FL-2024-028910,FL-2024-028910,B6,JFK,MDW,49,47,2,4.08,20.2,2024-02-23 12:23:24
BAG-FL-2024-028920,FL-2024-028920,DL,ATL,MDW,136,136,0,0.0,18.8,2024-03-16 06:57:48
BAG-FL-2024-028930,FL-2024-028930,AS,PDX,BOS,36,36,0,0.0,21.4,2024-01-11 06:15:00
BAG-FL-2024-028940,FL-2024-028940,WN,EWR,CLT,135,135,0,0.0,18.7,2024-01-13 08:41:48
BAG-FL-2024-028950,FL-2024-028950,AA,AUS,SLC,28,28,0,0.0,21.8,2024-02-07 17:32:30
BAG-FL-2024-028960,FL-2024-028960,WN,DAL,AUS,65,65,0,0.0,14.9,2024-01-02 13:42:12
BAG-FL-2024-028970,FL-2024-028970,B6,JFK,DEN,56,56,0,0.0,17.8,2024-02-10 12:54:24
BAG-FL-2024-028980,FL-2024-028980,DL,SFO,FLL,41,39,2,4.88,22.8,2024-03-27 20:37:12
BAG-FL-2024-028990,FL-2024-028990,WN,MIA,DEN,58,58,0,0.0,17.0,2024-02-20 06:56:00
BAG-FL-2024-029000,FL-2024-029000,DL,ATL,DFW,27,27,0,0.0,15.8,2024-03-30 10:01:00
BAG-FL-2024-029010,FL-2024-029010,OO,LAS,BWI,118,118,0,0.0,15.2,2024-02-12 12:26:48
BAG-FL-2024-029030,FL-2024-029030,WN,DAL,AUS,70,70,0,0.0,16.0,2024-02-26 15:47:36
BAG-FL-2024-029040,FL-2024-029040,F9,DEN,IAD,34,34,0,0.0,17.5,2024-01-19 12:31:24
BAG-FL-2024-029050,FL-2024-029050,F9,DEN,AUS,46,46,0,0.0,16.3,2024-03-09 12:41:18
BAG-FL-2024-029060,FL-2024-029060,OO,PDX,MCO,62,61,1,1.61,18.8,2024-01-29 12:11:06
BAG-FL-2024-029070,FL-2024-029070,UA,ORD,BWI,117,117,0,0.0,16.8,2024-01-02 12:03:36
BAG-FL-2024-029080,FL-2024-029080,UA,ORD,IAD,76,76,0,0.0,20.8,2024-01-01 09:39:00
BAG-FL-2024-029090,FL-2024-029090,DL,TPA,DFW,72,72,0,0.0,23.8,2024-03-15 11:34:48
BAG-FL-2024-029100,FL-2024-029100,UA,ORD,MCO,33,33,0,0.0,18.5,2024-01-15 18:28:24
BAG-FL-2024-029110,FL-2024-029110,AA,DFW,FLL,55,55,0,0.0,12.2,2024-01-08 12:46:24
BAG-FL-2024-029120,FL-2024-029120,AS,EWR,BWI,130,130,0,0.0,23.9,2024-01-23 13:38:48
BAG-FL-2024-029130,FL-2024-029130,UA,ORD,MCO,78,78,0,0.0,20.2,2024-02-29 13:29:36
BAG-FL-2024-029140,FL-2024-029140,WN,DAL,BNA,32,32,0,0.0,18.8,2024-01-14 14:49:30
BAG-FL-2024-029150,FL-2024-029150,NK,FLL,ORD,123,123,0,0.0,23.0,2024-02-21 13:15:48
BAG-FL-2024-029160,FL-2024-029160,UA,FLL,IAD,39,36,3,7.69,19.1,2024-01-26 16:36:54
BAG-FL-2024-029170,FL-2024-029170,WN,DAL,SFO,130,130,0,0.0,20.3,2024-02-12 16:37:42
BAG-FL-2024-029180,FL-2024-029180,F9,BNA,DEN,87,87,0,0.0,21.2,2024-01-14 13:06:42
BAG-FL-2024-029190,FL-2024-029190,AA,EWR,MDW,61,61,0,0.0,23.0,2024-03-30 12:00:30
BAG-FL-2024-029200,FL-2024-029200,UA,ORD,EWR,120,120,0,0.0,13.9,2024-02-26 09:30:24
BAG-FL-2024-029210,FL-2024-029210,AS,PDX,MIA,95,95,0,0.0,19.8,2024-03-14 19:14:30
BAG-FL-2024-029220,FL-2024-029220,DL,PHX,ORD,131,131,0,0.0,21.1,2024-03-30 16:59:12
BAG-FL-2024-029230,FL-2024-029230,WN,ATL,DEN,95,95,0,0.0,21.0,2024-03-25 06:42:24
BAG-FL-2024-029240,FL-2024-029240,AA,MDW,SLC,74,74,0,0.0,18.3,2024-03-27 22:47:48
BAG-FL-2024-029250,FL-2024-029250,NK,ORD,DEN,122,122,0,0.0,19.9,2024-02-19 15:10:18
BAG-FL-2024-029260,FL-2024-029260,AA,DFW,SEA,54,54,0,0.0,20.2,2024-02-28 15:35:36
BAG-FL-2024-029270,FL-2024-029270,AA,IAH,DFW,21,21,0,0.0,20.8,2024-03-21 16:56:00
BAG-FL-2024-029280,FL-2024-029280,B6,HNL,PDX,57,57,0,0.0,20.1,2024-01-22 13:01:12
BAG-FL-2024-029290,FL-2024-029290,WN,MIA,DAL,53,53,0,0.0,21.6,2024-03-08 16:18:30
BAG-FL-2024-029300,FL-2024-029300,AA,BWI,FLL,37,37,0,0.0,14.9,2024-02-13 12:17:24
BAG-FL-2024-029310,FL-2024-029310,HA,PHX,PDX,97,97,0,0.0,22.2,2024-01-03 11:40:36
BAG-FL-2024-029320,FL-2024-029320,F9,HNL,FLL,94,94,0,0.0,18.6,2024-01-10 14:27:00
BAG-FL-2024-029330,FL-2024-029330,WN,MDW,ATL,35,35,0,0.0,20.9,2024-01-30 18:21:24
BAG-FL-2024-029340,FL-2024-029340,DL,ATL,EWR,20,20,0,0.0,18.4,2024-03-14 18:22:00
BAG-FL-2024-029350,FL-2024-029350,WN,MSP,BNA,77,74,3,3.9,17.8,2024-02-03 16:36:06
BAG-FL-2024-029370,FL-2024-029370,DL,SEA,MCO,26,26,0,0.0,20.5,2024-03-21 09:02:00
BAG-FL-2024-029380,FL-2024-029380,OO,SLC,LAS,73,73,0,0.0,18.4,2024-02-04 21:31:42
BAG-FL-2024-029390,FL-2024-029390,UA,ORD,BNA,27,27,0,0.0,18.6,2024-01-17 08:10:12
BAG-FL-2024-029400,FL-2024-029400,AA,LAS,ORD,122,122,0,0.0,22.2,2024-01-16 14:12:36
BAG-FL-2024-029410,FL-2024-029410,AA,DFW,CLT,140,140,0,0.0,13.6,2024-02-02 11:25:36
BAG-FL-2024-029420,FL-2024-029420,B6,JFK,DTW,25,25,0,0.0,22.7,2024-01-09 17:13:30
BAG-FL-2024-029430,FL-2024-029430,AA,IAD,IAH,107,107,0,0.0,25.0,2024-03-12 22:48:24
BAG-FL-2024-029440,FL-2024-029440,DL,BOS,ATL,85,85,0,0.0,16.8,2024-01-10 08:23:18
BAG-FL-2024-029450,FL-2024-029450,WN,BOS,HNL,78,78,0,0.0,14.8,2024-02-28 14:36:00
BAG-FL-2024-029460,FL-2024-029460,B6,IAD,STL,65,65,0,0.0,16.1,2024-02-25 15:44:36
BAG-FL-2024-029470,FL-2024-029470,WN,DAL,PHX,98,98,0,0.0,19.5,2024-02-20 16:27:06
BAG-FL-2024-029480,FL-2024-029480,NK,FLL,EWR,72,72,0,0.0,20.4,2024-03-23 11:56:00
BAG-FL-2024-029490,FL-2024-029490,UA,DTW,TPA,67,67,0,0.0,19.8,2024-01-14 15:05:54
BAG-FL-2024-029500,FL-2024-029500,AA,DFW,SAN,41,41,0,0.0,22.5,2024-02-07 12:57:48
BAG-FL-2024-029510,FL-2024-029510,WN,PHX,ATL,98,98,0,0.0,16.9,2024-03-21 12:59:48
BAG-FL-2024-029520,FL-2024-029520,DL,MSP,SLC,128,128,0,0.0,16.3,2024-02-27 12:53:54
BAG-FL-2024-029530,FL-2024-029530,WN,IAD,CLT,42,42,0,0.0,17.7,2024-02-10 17:57:00
BAG-FL-2024-029540,FL-2024-029540,OO,TPA,DAL,69,66,3,4.35,18.8,2024-02-20 17:48:30
BAG-FL-2024-029550,FL-2024-029550,WN,SLC,LAX,69,68,1,1.45,22.1,2024-02-15 16:44:42
BAG-FL-2024-029560,FL-2024-029560,DL,BWI,DTW,53,53,0,0.0,20.7,2024-01-08 17:18:36
BAG-FL-2024-029570,FL-2024-029570,OO,SLC,DAL,101,101,0,0.0,26.2,2024-02-09 13:04:48
BAG-FL-2024-029580,FL-2024-029580,NK,FLL,STL,128,128,0,0.0,21.7,2024-03-02 08:04:12
BAG-FL-2024-029590,FL-2024-029590,DL,LAS,HNL,117,117,0,0.0,16.7,2024-03-06 07:03:06
BAG-FL-2024-029600,FL-2024-029600,AA,DFW,ORD,128,125,3,2.34,13.5,2024-01-07 07:20:00
BAG-FL-2024-029610,FL-2024-029610,AS,SEA,ATL,72,72,0,0.0,17.8,2024-01-12 16:55:30
BAG-FL-2024-029620,FL-2024-029620,DL,SLC,DEN,120,120,0,0.0,21.9,2024-03-07 16:55:36
BAG-FL-2024-029630,FL-2024-029630,AA,DFW,TPA,109,109,0,0.0,16.0,2024-03-22 15:32:12
BAG-FL-2024-029640,FL-2024-029640,OO,SLC,MDW,84,81,3,3.57,20.3,2024-03-10 16:37:42
BAG-FL-2024-029650,FL-2024-029650,WN,SAN,ORD,139,139,0,0.0,18.8,2024-01-09 21:15:06
BAG-FL-2024-029660,FL-2024-029660,UA,MIA,BNA,40,40,0,0.0,17.5,2024-01-14 06:37:42
BAG-FL-2024-029670,FL-2024-029670,UA,TPA,ATL,36,36,0,0.0,19.1,2024-01-26 12:18:00
BAG-FL-2024-029680,FL-2024-029680,B6,JFK,SLC,42,42,0,0.0,21.5,2024-03-14 16:11:54
BAG-FL-2024-029690,FL-2024-029690,F9,HNL,SFO,58,58,0,0.0,14.2,2024-02-01 16:40:00
BAG-FL-2024-029700,FL-2024-029700,AS,SEA,FLL,43,41,2,4.65,16.5,2024-01-21 19:46:42
BAG-FL-2024-029710,FL-2024-029710,UA,FLL,STL,97,97,0,0.0,18.9,2024-01-01 06:23:00
BAG-FL-2024-029720,FL-2024-029720,OO,FLL,CLT,139,139,0,0.0,17.2,2024-03-02 12:31:06
BAG-FL-2024-029730,FL-2024-029730,DL,DFW,FLL,79,79,0,0.0,23.1,2024-01-02 12:58:30
BAG-FL-2024-029740,FL-2024-029740,OO,BOS,IAH,137,137,0,0.0,20.8,2024-03-30 17:33:42
BAG-FL-2024-029750,FL-2024-029750,WN,DAL,FLL,101,101,0,0.0,18.9,2024-02-24 20:51:48
BAG-FL-2024-029760,FL-2024-029760,DL,ATL,ORD,128,128,0,0.0,15.2,2024-03-12 13:51:06
BAG-FL-2024-029770,FL-2024-029770,DL,EWR,MCO,130,130,0,0.0,16.6,2024-01-05 12:43:24
BAG-FL-2024-029780,FL-2024-029780,WN,DAL,EWR,25,25,0,0.0,22.0,2024-03-27 10:07:30
BAG-FL-2024-029790,FL-2024-029790,AA,FLL,EWR,65,65,0,0.0,24.2,2024-01-16 12:55:30
BAG-FL-2024-029800,FL-2024-029800,UA,IAH,SFO,85,85,0,0.0,19.6,2024-02-13 11:44:18
BAG-FL-2024-029810,FL-2024-029810,UA,FLL,AUS,95,95,0,0.0,20.1,2024-02-03 12:29:12
BAG-FL-2024-029820,FL-2024-029820,B6,JFK,SLC,137,137,0,0.0,15.2,2024-01-08 11:50:06
BAG-FL-2024-029830,FL-2024-029830,UA,SEA,MCO,51,51,0,0.0,16.9,2024-01-21 12:16:18
BAG-FL-2024-029840,FL-2024-029840,DL,DFW,LAS,63,63,0,0.0,17.7,2024-02-23 13:02:06
BAG-FL-2024-029850,FL-2024-029850,UA,EWR,ATL,23,23,0,0.0,13.5,2024-02-15 19:47:18
BAG-FL-2024-029860,FL-2024-029860,AA,DFW,AUS,41,40,1,2.44,17.1,2024-02-29 15:52:18
BAG-FL-2024-029870,FL-2024-029870,UA,ORD,MCO,42,41,1,2.38,22.4,2024-02-04 11:39:06
BAG-FL-2024-029880,FL-2024-029880,DL,MSP,CLT,31,31,0,0.0,15.3,2024-03-21 09:46:36
BAG-FL-2024-029890,FL-2024-029890,UA,STL,IAD,38,38,0,0.0,18.6,2024-01-08 13:58:06
BAG-FL-2024-029900,FL-2024-029900,AA,MIA,DTW,97,97,0,0.0,22.6,2024-01-09 17:24:00
BAG-FL-2024-029910,FL-2024-029910,AA,DFW,TPA,57,57,0,0.0,18.6,2024-03-24 15:37:42
BAG-FL-2024-029920,FL-2024-029920,DL,MDW,JFK,51,51,0,0.0,18.8,2024-02-05 17:34:24
BAG-FL-2024-029930,FL-2024-029930,OO,SLC,BOS,78,78,0,0.0,18.5,2024-03-18 13:55:48
BAG-FL-2024-029940,FL-2024-029940,F9,PDX,BWI,98,97,1,1.02,18.0,2024-03-12 19:12:42
BAG-FL-2024-029950,FL-2024-029950,DL,ATL,LAS,137,137,0,0.0,13.6,2024-01-14 13:23:06
BAG-FL-2024-029960,FL-2024-029960,UA,PHX,DAL,74,74,0,0.0,19.7,2024-01-03 18:53:12
BAG-FL-2024-029970,FL-2024-029970,HA,BNA,DFW,31,31,0,0.0,16.1,2024-02-19 13:58:36
BAG-FL-2024-029980,FL-2024-029980,DL,DTW,JFK,86,86,0,0.0,18.0,2024-02-26 10:26:24
BAG-FL-2024-029990,FL-2024-029990,AA,SEA,PDX,34,34,0,0.0,21.6,2024-03-02 11:52:24
BAG-FL-2024-030000,FL-2024-030000,DL,JFK,DTW,43,43,0,0.0,23.8,2024-01-16 08:54:18
